,Betreff,Von: (Name),Text
0,Re: Injection mold,qhobjesrl,"Dear sir,

We have almost 20 years experience in Mold industry.
If you have something want to know or problems, Welcomed to contact us.

Many years' experience on mold can bring you best and professional service.

Looking forward to your reply,and hope possible cooperation with you, my friend.

Have a nice day !




Best regards,


Vinsion

NICETY MOULD CO., LIMITED

34th District of Bao An,

Shenzhen,518133,China

Tel: +86 755 2785 3810

Fax: +86 755 2785 3910

Whatapp/wechat: +8613590411200




"
1,Re: Quotation for Pump/dispenser Bottle (empty),Gray Liu,"Dear Sir/Madam

We are a manufacturer of PET packing bottle /Pump bottle in high quality and competitive price of China.

There are many shapes of bottle have. Also we can do the customized shape as client’s request very fast. One more thing, we can delivery it very fast.

Please let me know if you want more information if you need it . I am sure are will satisfy with us when you send the inquire to me.

Awaiting your soonest reply.

Taizhou Huangyan Yjie Plastic Co.,Ltd

Gray Liu


"
2,ISA Email Marketing Datenbank 2020,ISA Email Marketing," <http://enviandoemails.info/isaemarketing_de_em_visitantes.htm>  




Produktcode 	Produkt 	Preis 	


Deutschland E-Mail-Datenbanken 
91-0210 <http://enviandoemails.info/isaemarketing_de_bd_pedido.htm>  	E-Mail-Datenbank ISA Deutschland 2020
<http://enviandoemails.info/isaemarketing_de_bd_pedido.htm> 
1.010.000 E-Mails von Deutschland 	EUR 60 	
91-0211 <http://enviandoemails.info/isaemarketing_de_bdcorp_pedido.htm>  	E-Mail-Datenbank ISA Deutschland Korporativ 2020
<http://enviandoemails.info/isaemarketing_de_bdcorp_pedido.htm> 
607.000 E-Mails von korporativen Domains in Deutschland 	EUR 50 	


Europa E-Mail-Datenbanken 
91-0221 <http://enviandoemails.info/isaemarketing_en_eu_bd_pedido.htm>  	E-Mail-Datenbanken ISA Europe 2020
<http://enviandoemails.info/isaemarketing_en_eu_bd_pedido.htm> 
23 Länder in Europa - 7 Millionen E-Mails 	EUR 145 	
91-0214 <http://enviandoemails.info/isaemarketing_en_eu_bdcorp_pedido.htm>  	E-Mail-Datenbanken ISA Europe Korporativ 2020
<http://enviandoemails.info/isaemarketing_en_eu_bdcorp_pedido.htm> 
20 Länder in Europa - 3,6 Millionen korporative E-Mails 	EUR 196 	


Internationale E-Mail-Datenbanken 
91-0244 <http://enviandoemails.info/isaemarketing_en_al_bd_pedido_eur.htm>  	E-Mail-Datenbanken ISA Lateinamerika 2020
<http://enviandoemails.info/isaemarketing_en_al_bd_pedido_eur.htm> 
20 Länder in Lateinamerika - 6,85 Millionen E-Mails 	EUR 120 	
91-0245 <http://enviandoemails.info/isaemarketing_en_al_bdcorp_pedido_eur.htm>  	E-Mail-Datenbanken ISA Lateinamerika Korporativ 2020
<http://enviandoemails.info/isaemarketing_en_al_bdcorp_pedido_eur.htm> 
15 Länder in Lateinamerika - 1.072.000 korporative E-Mails 	EUR 145 	
91-0234 <http://enviandoemails.info/isaemarketing_en_all_bd_eur.htm>  	E-Mail-Datenbanken ISA International 2020
<http://enviandoemails.info/isaemarketing_en_all_bd_eur.htm> 
51 Länder - 16 Millionen E-Mails 	EUR 220 	


Software

91-2040 <http://enviandoemails.info/isaemarketing_en_emailpacker_eur.htm>  	ISA Email Packer 2
E-Mail-Listenoptimierungssoftware
<http://enviandoemails.info/isaemarketing_en_emailpacker_eur.htm> 

Mischen Sie bis zu 3 Listen 
Beseitigt Duplikate 
Teilen Sie Listen in Pakete mit der geringsten Anzahl an E-Mails auf 
Beseitigt die geschnittenen E-Mails 
Reinigt Kommas, Anführungszeichen oder das Zeichen, das Sie 
anzeigen möchten E-Mails von einer Domain auswählen 
Entfernen Sie unerwünschte Domains 
Löscht E-Mails mit bestimmten Wörtern oder Symbolen 
Wählen Sie E-Mails aus, die ein bestimmtes Wort enthalten 
Wählen Sie E-Mails von Unternehmensdomänen aus 

 <http://enviandoemails.info/isaemarketing_en_emailpacker_eur.htm> 
	
EUR 45 	


E-Mail-Versanddienst

91-3050 <http://enviandoemails.info/superserver_pedido_en_50.htm>  	Super Server Plan EU-50K
<http://enviandoemails.info/superserver_pedido_en_50.htm> 
Versenden von 50.000 E-Mails in Lateinamerika und / oder Europa
	EUR 60 	
91-3150 <http://enviandoemails.info/superserver_pedido_en.htm>  	Super Server Plan EU-150K
<http://enviandoemails.info/superserver_pedido_en.htm> 
Versenden von 150.000 E-Mails in Lateinamerika und / oder Europa
	EUR 150 	
91-5002 <http://enviandoemails.info/superserver_pedido_en_1m.htm>  	Super Server Plan EU-1M
<http://enviandoemails.info/superserver_pedido_en_1m.htm> 
Versenden von 1 Million E-Mails in Lateinamerika und / oder Europa
	EUR 300 	


Software Consulting

91-4001 <http://enviandoemails.info/isaemarketing_en_gamma_smtprc.htm>  	Installation von Mailer mit Scanner von offenen SMTP-Servern
<http://enviandoemails.info/isaemarketing_en_gamma_smtprc.htm> 
Konfiguration und Unterstützung eines Multi-Server-E-Mail-Systems 	EUR 179 	
91-4007 <http://enviandoemails.info/isaemarketing_de_mailer_port_587.htm>  	Installation des E-Mail-Marketing-Systems 
mit SMTP-Server mit SPF und DKIM <http://enviandoemails.info/isaemarketing_de_mailer_port_587.htm> 

- Auf Ihrem Computer installiertes Programm, mit dem Sie Ihre Kampagnen lokal verwalten können 
- SMTP-Server entsprechend den Regeln SPF und DKIM 
- Online-Statistiken 
- Funktioniert bei Internetdienstanbietern mit gesperrtem Port 25 (verwenden Sie Port 587) 


 <http://enviandoemails.info/isaemarketing_de_mailer_port_587.htm> 
	
EUR 55 	


Klicken Sie hier, um Ihre E-Mail-Adresse aus dem Newsletter zu entfernen <http://enviandoemails.info/php/de_bd_rm.php> 




	

ISA Email Marketing
Fabián Torre
Software Consulting

Rua Antonio Rodrigues 22, Itacimirim - Bahia - CEP 42823-000 - BRASIL
WhatsApp: +55 719 9313-1792 - Skype: chronskype


	ISA on facebook  <https://www.facebook.com/isaemailmarketing/> 	
"
3,Re: Offer Plastic Pet Bottle From China,Gray Liu,"?Dear Sir/Madam

I am sorry to bother you. we are a manufacturer of Plastic products/ PET packing bottle /Pump bottle in China. We can also do the function of lid, spray, lotion, foam and so on.

It can be used to hold the sanitizer/liquid soap/cleansing water/beverage

Nowadays we know it is very serious during these days when Covid-19 coming. we hope that this nightmare pass asap.

Here are some of our bottle. please let me know if you want more information. I am sure our price are very competitive when you send the inquire to me.

Awaiting your soonest reply.

Taizhou Huangyan Yjie Plastic Co.,Ltd

Gray Liu

"
4,ISA Email Marketing Datenbank 2020,ISA Email Marketing," <http://enviandoemails.info/isaemarketing_de_em_visitantes.htm>  




Produktcode 	Produkt 	Preis 	


Deutschland E-Mail-Datenbanken 
91-0210 <http://enviandoemails.info/isaemarketing_de_bd_pedido.htm>  	E-Mail-Datenbank ISA Deutschland 2020
<http://enviandoemails.info/isaemarketing_de_bd_pedido.htm> 
1.010.000 E-Mails von Deutschland 	EUR 60 	
91-0211 <http://enviandoemails.info/isaemarketing_de_bdcorp_pedido.htm>  	E-Mail-Datenbank ISA Deutschland Korporativ 2020
<http://enviandoemails.info/isaemarketing_de_bdcorp_pedido.htm> 
607.000 E-Mails von korporativen Domains in Deutschland 	EUR 50 	


Europa E-Mail-Datenbanken 
91-0221 <http://enviandoemails.info/isaemarketing_en_eu_bd_pedido.htm>  	E-Mail-Datenbanken ISA Europe 2020
<http://enviandoemails.info/isaemarketing_en_eu_bd_pedido.htm> 
23 Länder in Europa - 7 Millionen E-Mails 	EUR 145 	
91-0214 <http://enviandoemails.info/isaemarketing_en_eu_bdcorp_pedido.htm>  	E-Mail-Datenbanken ISA Europe Korporativ 2020
<http://enviandoemails.info/isaemarketing_en_eu_bdcorp_pedido.htm> 
20 Länder in Europa - 3,6 Millionen korporative E-Mails 	EUR 196 	


Internationale E-Mail-Datenbanken 
91-0244 <http://enviandoemails.info/isaemarketing_en_al_bd_pedido_eur.htm>  	E-Mail-Datenbanken ISA Lateinamerika 2020
<http://enviandoemails.info/isaemarketing_en_al_bd_pedido_eur.htm> 
20 Länder in Lateinamerika - 6,85 Millionen E-Mails 	EUR 120 	
91-0245 <http://enviandoemails.info/isaemarketing_en_al_bdcorp_pedido_eur.htm>  	E-Mail-Datenbanken ISA Lateinamerika Korporativ 2020
<http://enviandoemails.info/isaemarketing_en_al_bdcorp_pedido_eur.htm> 
15 Länder in Lateinamerika - 1.072.000 korporative E-Mails 	EUR 145 	
91-0234 <http://enviandoemails.info/isaemarketing_en_all_bd_eur.htm>  	E-Mail-Datenbanken ISA International 2020
<http://enviandoemails.info/isaemarketing_en_all_bd_eur.htm> 
51 Länder - 16 Millionen E-Mails 	EUR 220 	


Software

91-2040 <http://enviandoemails.info/isaemarketing_en_emailpacker_eur.htm>  	ISA Email Packer 2
E-Mail-Listenoptimierungssoftware
<http://enviandoemails.info/isaemarketing_en_emailpacker_eur.htm> 

Mischen Sie bis zu 3 Listen 
Beseitigt Duplikate 
Teilen Sie Listen in Pakete mit der geringsten Anzahl an E-Mails auf 
Beseitigt die geschnittenen E-Mails 
Reinigt Kommas, Anführungszeichen oder das Zeichen, das Sie 
anzeigen möchten E-Mails von einer Domain auswählen 
Entfernen Sie unerwünschte Domains 
Löscht E-Mails mit bestimmten Wörtern oder Symbolen 
Wählen Sie E-Mails aus, die ein bestimmtes Wort enthalten 
Wählen Sie E-Mails von Unternehmensdomänen aus 

 <http://enviandoemails.info/isaemarketing_en_emailpacker_eur.htm> 
	
EUR 45 	


E-Mail-Versanddienst

91-3050 <http://enviandoemails.info/superserver_pedido_en_50.htm>  	Super Server Plan EU-50K
<http://enviandoemails.info/superserver_pedido_en_50.htm> 
Versenden von 50.000 E-Mails in Lateinamerika und / oder Europa
	EUR 60 	
91-3150 <http://enviandoemails.info/superserver_pedido_en.htm>  	Super Server Plan EU-150K
<http://enviandoemails.info/superserver_pedido_en.htm> 
Versenden von 150.000 E-Mails in Lateinamerika und / oder Europa
	EUR 150 	
91-5002 <http://enviandoemails.info/superserver_pedido_en_1m.htm>  	Super Server Plan EU-1M
<http://enviandoemails.info/superserver_pedido_en_1m.htm> 
Versenden von 1 Million E-Mails in Lateinamerika und / oder Europa
	EUR 300 	


Software Consulting

91-4001 <http://enviandoemails.info/isaemarketing_en_gamma_smtprc.htm>  	Installation von Mailer mit Scanner von offenen SMTP-Servern
<http://enviandoemails.info/isaemarketing_en_gamma_smtprc.htm> 
Konfiguration und Unterstützung eines Multi-Server-E-Mail-Systems 	EUR 179 	
91-4007 <http://enviandoemails.info/isaemarketing_de_mailer_port_587.htm>  	Installation des E-Mail-Marketing-Systems 
mit SMTP-Server mit SPF und DKIM <http://enviandoemails.info/isaemarketing_de_mailer_port_587.htm> 

- Auf Ihrem Computer installiertes Programm, mit dem Sie Ihre Kampagnen lokal verwalten können 
- SMTP-Server entsprechend den Regeln SPF und DKIM 
- Online-Statistiken 
- Funktioniert bei Internetdienstanbietern mit gesperrtem Port 25 (verwenden Sie Port 587) 


 <http://enviandoemails.info/isaemarketing_de_mailer_port_587.htm> 
	
EUR 55 	


Klicken Sie hier, um Ihre E-Mail-Adresse aus dem Newsletter zu entfernen <http://enviandoemails.info/php/de_bd_rm.php> 




	

ISA Email Marketing
Fabián Torre
Software Consulting

Rua Antonio Rodrigues 22, Itacimirim - Bahia - CEP 42823-000 - BRASIL
WhatsApp: +55 719 9313-1792 - Skype: chronskype


	ISA on facebook  <https://www.facebook.com/isaemailmarketing/> 	
"
5,CE certified medical face mask in London (Type II of Class 1),uouzfi,"To whom it may concern:




Hi Sir/Madam,




This is Jerry from Asp Group, China.




We have 1.1 million pcs disposable medical masks (Not Sterile) at our London warehouse in UK, which have been finished custom clearance and tax prepaid.




Also, CE test report certificated by CMC MEDICAL DEVICES & DRUGS SL, which is a good choice for you to supply in the whole markets.




Ready to ship to any EU member freely, Available for selling in any EU member freely.




Meanwhile, we provide shipping services (only for U.K. and EU member), or you can pick up from London warehouse. Welcome to visit our warehouse for direct supervision.




Reply us for more information if you interested.




All the Best

Jerry




T: 0086 769 21684835

M: 0086 15812830516




 <http://hulsingcrm.vicp.io/ftms/t2?t=30353334303331642d313962382d343064362d616663652d3432313637333235363961667c6d617276696e2e6b6173746e6572253430747568682e6465> 
"
6,Re: Professional mask manufacturer,uduoemt,"Dear 

Hope everything will better !




We are professional mask manufacturer. Our factory is a whitelist for export of Chinese masks, with complete qualifications, we can export by ourself.

We can offer the good quanlity  KN95 face masks and 3-layer medical mask ,




1.KN95 four-layer civil mask:  Price is : $0.5/pcs




2. 3-layer civil mask :    Price is : $0.15/pcs 




The price is based on quantity?the more quantity the price will be lower .




Due to the epidemic worldwide , please take care and stay safe .
You could contact with us If you need , Thank you .




Thanks & Best Regards




Nancy Huang

International sale




Fengtai Kangren Medical Devices Co., Ltd.

Mobile/Whatsapp/Wechat: +8613265529986

Phone: 0554-2367198

2nd Floor, Building 3, South Side of No. 4 Road, East of No. 3 Road, Economic Development Zone, Fengtai County, Anhui province ,China.







"
7,Re: Offer Plastic Pet Bottle From China,Gray Liu,"?Dear Sir/Madam

I am sorry to bother you. we are a manufacturer of Plastic products/ PET packing bottle /Pump bottle in China. We can also do the function of lid, spray, lotion, foam and so on.

It can be used to hold the sanitizer/liquid soap/cleansing water/beverage

Nowadays we know it is very serious during these days when Covid-19 coming. we hope that this nightmare pass asap.

Here are some of our bottle. please let me know if you want more information. I am sure our price are very competitive when you send the inquire to me.

Awaiting your soonest reply.

Taizhou Huangyan Yjie Plastic Co.,Ltd

Gray Liu

"
8,Re: Offer Plastic Pet Bottle From China,Gray Liu,"?Dear Sir/Madam

I am sorry to bother you. we are a manufacturer of Plastic products/ PET packing bottle /Pump bottle in China. We can also do the function of lid, spray, lotion, foam and so on.

It can be used to hold the sanitizer/liquid soap/cleansing water/beverage

Nowadays we know it is very serious during these days when Covid-19 coming. we hope that this nightmare pass asap.

Here are some of our bottle. please let me know if you want more information. I am sure our price are very competitive when you send the inquire to me.

Awaiting your soonest reply.

Taizhou Huangyan Yjie Plastic Co.,Ltd

Gray Liu

"
9,CE certified medical face mask in London (Type II of Class 1),crhajg,"To whom it may concern:




Hi Sir/Madam,




This is Jerry from Asp Group, China.




We have 1.1 million pcs disposable medical masks (Not Sterile) at our London warehouse in UK, which have been finished custom clearance and tax prepaid.




Also, CE test report certificated by CMC MEDICAL DEVICES & DRUGS SL, which is a good choice for you to supply in the whole markets.




Ready to ship to any EU member freely, Available for selling in any EU member freely.




Meanwhile, we provide shipping services (only for U.K. and EU member), or you can pick up from London warehouse. Welcome to visit our warehouse for direct supervision.




Reply us for more information if you interested.




All the Best

Jerry




T: 0086 769 21684835

M: 0086 15812830516




 <http://hulsingcrm.vicp.io/ftms/t2?t=39386433383763312d333166382d343931382d626534352d3135363866643365323731647c6d617276696e2e6b6173746e6572253430747568682e6465> 
"
10,Informationen Xber E-Mail-Marketing,ISA Email Marketing,"Guten Morgen

Mein Name ist Fabi?n Torre und ich arbeite mit der Beratung im E-
Mail-Marketing.
Ich m?chte wissen, ob Sie daran interessiert sind, Informationen 
?ber Produkte und Dienstleistungen von E-Mail-Marketing zu 
erhalten und zu welcher E-Mail-Adresse ich sie senden kann.

Vielen Dank

Whatsapp: +55 719 9313-1792
Skype: chronskype
"
11,Reliable international logistics service from China,auiubrnn,"Dear Friend
This is Sauron from Lionway International Logistics(Shenzhen) Co., Ltd.China
I am very glad to get contact with you. And hope that we will become your partner in the future. 

For the first time, let me have some words to introduce you about our company

We're quick growing logistics company in China, We handle ocean shipments and air shipments, AMAZON cargo.For extremely cargo we have hand-carry service.

Kindly refer some of our remarkable features that enable us to provide you with our best services:

- Full logistics and transport services from International Sea/Air Freight, Customs Clearance, Inland transport, Door-to-door service, Warehousing, Consolidation/Deconsolidation and Project.
- Experienced, enthusiastic and professional staff
- Flexible solutions to support customers case by case
- Quick response and updated information
- Proof of Delivery will be sent as soon as consignees pick up D/O
- Competitive rates, attractive refund policy with standard local charge
- Good relations with custom officers, shipping lines/airlines and warehouse owners
- Short time for handling DAP/DDP shipments
- Open and clear financial policy

Besides, If you’re interested in this business or have any enquiry to/from China, please don’t hesitate to contact us. We do look forward to hearing from you soon.
Thanks.


Sauron Zhang                 

Sales 
Lionway International Logistics(Shenzhen) Co., Ltd


Mobile/Wechat/Whatsapp:+86- 15817283031


Skype:Sauron.uc

QQ: 249171875     

101K5, North, Building 25,Keyuan West, No.5 Kezhi West Road, Science Park Community, Yuehai street, Nanshan District, Shenzhen, China.




Save a tree. Don't print this e-mail unless it's really necessary!  

"
12,Re: Quotation for Pump/dispenser Bottle (empty),Gray Liu,"Dear Sir/Madam

We are a manufacturer of PET packing bottle /Pump bottle in high quality and competitive price of China.

There are many shapes of bottle have. Also we can do the customized shape as client’s request very fast. One more thing, we can delivery it very fast.

Please let me know if you want more information if you need it . I am sure are will satisfy with us when you send the inquire to me.

Awaiting your soonest reply.

Taizhou Huangyan Yjie Plastic Co.,Ltd

Gray Liu


"
13,ISA Email Marketing Datenbank 2020,ISA Email Marketing," <http://veso.info/isaemarketing_de_em_visitantes.htm>  




Produktcode 	Produkt 	Preis 	


Deutschland E-Mail-Datenbanken 
91-0249 <http://veso.info/isaemarketing_de_bd_pedido.htm>  	E-Mail-Datenbank ISA Deutschland 2020 B
<http://veso.info/isaemarketing_de_bd_pedido.htm> 
993.000 E-Mails von Deutschland 	EUR 60 	
91-0250 <http://veso.info/isaemarketing_de_bdcorp_pedido.htm>  	E-Mail-Datenbank ISA Deutschland Korporativ 2020 B
<http://veso.info/isaemarketing_de_bdcorp_pedido.htm> 
584.000 E-Mails von korporativen Domains in Deutschland 	EUR 50 	


Europa E-Mail-Datenbanken 
91-0267 <http://veso.info/isaemarketing_en_eu_bd_pedido.htm>  	E-Mail-Datenbanken ISA Europe 2020 B
<http://veso.info/isaemarketing_en_eu_bd_pedido.htm> 
23 Länder in Europa - 7.2 Millionen E-Mails 	EUR 145 	
91-0214 <http://veso.info/isaemarketing_en_eu_bdcorp_pedido.htm>  	E-Mail-Datenbanken ISA Europe Korporativ 2020 B
<http://veso.info/isaemarketing_en_eu_bdcorp_pedido.htm> 
21 Länder in Europa - 3,6 Millionen korporative E-Mails 	EUR 196 	


Internationale E-Mail-Datenbanken 
91-0244 <http://veso.info/isaemarketing_en_al_bd_pedido_eur.htm>  	E-Mail-Datenbanken ISA Lateinamerika 2020 C
<http://veso.info/isaemarketing_en_al_bd_pedido_eur.htm> 
20 Länder in Lateinamerika - 6,6 Millionen E-Mails 	EUR 120 	
91-0245 <http://veso.info/isaemarketing_en_al_bdcorp_pedido_eur.htm>  	E-Mail-Datenbanken ISA Lateinamerika Korporativ 2020
<http://veso.info/isaemarketing_en_al_bdcorp_pedido_eur.htm> 
15 Länder in Lateinamerika - 1.072.000 korporative E-Mails 	EUR 145 	
91-0271 <http://veso.info/isaemarketing_en_all_bd_eur.htm>  	E-Mail-Datenbanken ISA International 2020 B
<http://veso.info/isaemarketing_en_all_bd_eur.htm> 
52 Länder - 16.7 Millionen E-Mails 	EUR 220 	


Software

91-2040 <http://veso.info/isaemarketing_en_emailpacker_eur.htm>  	ISA Email Packer 2
E-Mail-Listenoptimierungssoftware
<http://veso.info/isaemarketing_en_emailpacker_eur.htm> 

Mischen Sie bis zu 3 Listen 
Beseitigt Duplikate 
Teilen Sie Listen in Pakete mit der geringsten Anzahl an E-Mails auf 
Beseitigt die geschnittenen E-Mails 
Reinigt Kommas, Anführungszeichen oder das Zeichen, das Sie 
anzeigen möchten E-Mails von einer Domain auswählen 
Entfernen Sie unerwünschte Domains 
Löscht E-Mails mit bestimmten Wörtern oder Symbolen 
Wählen Sie E-Mails aus, die ein bestimmtes Wort enthalten 
Wählen Sie E-Mails von Unternehmensdomänen aus 

 <http://veso.info/isaemarketing_en_emailpacker_eur.htm> 
	
EUR 45 	


E-Mail-Versanddienst

91-3050 <http://veso.info/superserver_pedido_en_50.htm>  	Super Server Plan EU-50K
<http://veso.info/superserver_pedido_en_50.htm> 
Versenden von 50.000 E-Mails in Lateinamerika und / oder Europa
	EUR 60 	
91-3150 <http://veso.info/superserver_pedido_en.htm>  	Super Server Plan EU-150K
<http://veso.info/superserver_pedido_en.htm> 
Versenden von 150.000 E-Mails in Lateinamerika und / oder Europa
	EUR 150 	
91-5002 <http://veso.info/superserver_pedido_en_1m.htm>  	Super Server Plan EU-1M
<http://veso.info/superserver_pedido_en_1m.htm> 
Versenden von 1 Million E-Mails in Lateinamerika und / oder Europa
	EUR 300 	


Software Consulting

91-4001 <http://veso.info/isaemarketing_en_gamma_smtprc.htm>  	Installation von Mailer mit Scanner von offenen SMTP-Servern
<http://veso.info/isaemarketing_en_gamma_smtprc.htm> 
Konfiguration und Unterstützung eines Multi-Server-E-Mail-Systems 	EUR 179 	
91-4007 <http://veso.info/isaemarketing_de_mailer_port_587.htm>  	Installation des E-Mail-Marketing-Systems 
mit SMTP-Server mit SPF und DKIM <http://veso.info/isaemarketing_de_mailer_port_587.htm> 

- Auf Ihrem Computer installiertes Programm, mit dem Sie Ihre Kampagnen lokal verwalten können 
- SMTP-Server entsprechend den Regeln SPF und DKIM 
- Online-Statistiken 
- Funktioniert bei Internetdienstanbietern mit gesperrtem Port 25 (verwenden Sie Port 587) 


 <http://veso.info/isaemarketing_de_mailer_port_587.htm> 
	
EUR 55 	


Klicken Sie hier, um Ihre E-Mail-Adresse aus dem Newsletter zu entfernen <http://veso.info/php/de_bd_rm.php> 




	

ISA Email Marketing
Fabián Torre
Software Consulting

Rua Antonio Rodrigues 22, Itacimirim - Bahia - CEP 42823-000 - BRASIL
WhatsApp: +55 719 9313-1792 - Skype: chronskype


	Facebook 

 <https://www.facebook.com/isaemailmarketing/> 
<https://www.instagram.com/isa_email_marketing/> 
Instagram

 <http://veso.info/logoinstagram.jpg> 
"
14,Re: manufacturer of ceramic foam filter,Tracy,"Dear Friends,

We Manufacture

1. Silicon carbide ceramic foam filter
2. Alumina ceramic foam filter
3. Zirconia ceramic foam filter
4. Honeycomb ceramic filter
5. Fiberglass mesh filter

About us:
We are a manufacturer of ceramic filters and a professional company specialized in researching, developing and producing consumable ceramics and refractory products for foundry industry and metallurgical industry. Our company was founded in 2013 with an area of 15,000 square meters and houses 200 employees.
With years of strenuous efforts, we have become a leading company in foundry materials industry. This is also made possible by the help of our technician’s and hardworking teams. We keep four tops in mind: technique, product, quality and service. Scientific and technological innovation is the psyche of our company.
Relying on our technology center, we have successfully developed ceramic foam filters, fiberglass mesh items, ceramic tubes, and refractory materials for aluminum foundry.
Kindly send your requirement and quantity.We can supply you filters with best and  Kind services.

Best regards
Tracy

"
15,Re: Offer empty PET bottle with custom size,Gray Liu,"Dear Sir/Madam

I am sorry to bother you. we are a manufacturer of PET packing bottle /Pump bottle in China. 

We have kinds of shape and capacity of it. The customized shape is also acceptable. please let me know if you want to get more information. I am sure our price are very competitive when you send the inquire to me.

we can help you save 5%-10% of your budget every year, which can help you quickly seize the market


Awaiting your soonest reply.

Taizhou Huangyan Yjie Plastic Co.,Ltd

Marco Liu

"
16,Re:Customized metal sheet Auto metal CNC machining part,rhtuuhjrq,"Dear friend,




Good day to you.




Our Metal products and CNC machining service can reduce you 1/5 purchase cost exactly under the same quality conditions.




If you have big order,we just promise the quality and service is better for your current supplier.

If you have not big order, I can sure you will get a reliable supplier with no need to pay much effort.




Because we will do our almost to help our partners develop products with market competitiveness to develop local markets.




Welcome to contact me if our product will help for your business. All the products can be customized just according to your drawings CAD/DXF/PDF/STEP.




Thanks and best regards.

Jessica.




"
17,Web of Science Alert - sbo web of science - 0 results,alerts-noreply@clarivate.com," <http://snowplow.apps.clarivate.com/i?co=%7B%22schema%22%3A%22iglu%3Acom.snowplowanalytics.snowplow%2Fcontexts%2Fjsonschema%2F1-0-0%22%2C%22data%22%3A%5B%7B%22schema%22%3A%22http%3A%2F%2Fjson-schema.clarivate.io%2Figlu%2Femailengine%2F1-0-0%22%2C%22data%22%3A%7B%22emailInstId%22%3A%22ffdc9207-3dec-4f84-bb69-2136f4413302%22%7D%7D%5D%7D&e=ue&aid=email-eng&se_ac=open&i=i.gif> 
 
Web of Science	  <https://images.webofknowledge.com/images/images/clarivate_logo_92x32.png> 	
 	 
 
Greetings! You have a saved search alert.	 
 
Your search, ALL FIELDS: (simulation optimization ""container terminals"" ""discrete event simulation"") has 0 new records since Aug 26th 2020. 
 
 
	
 
 
 
You are receiving this email because you requested an alert from Web of Science. | <http://snowplow.apps.clarivate.com/r/tp2?u=https%3A%2F%2Fwww.webofknowledge.com&co=%7B%22schema%22%3A%22iglu%3Acom.snowplowanalytics.snowplow%2Fcontexts%2Fjsonschema%2F1-0-0%22%2C%22data%22%3A%5B%7B%22schema%22%3A%22http%3A%2F%2Fjson-schema.clarivate.io%2Figlu%2Femailengine%2F1-0-0%22%2C%22data%22%3A%7B%22emailInstId%22%3A%22ffdc9207-3dec-4f84-bb69-2136f4413302%22%7D%7D%5D%7D&e=se&aid=email-eng&se_ac=alert-wos-click-on-WOS-link>  Unsubscribe
 
This e-mail is for the sole use of the intended recipient and contains information that may be privileged and/or confidential. If you are not an intended recipient, please notify Web of Science Customer Care <http://snowplow.apps.clarivate.com/r/tp2?u=http%3A%2F%2Fwww.clarivate.com%2Fcontact-us%2Fsupport%2F&co=%7B%22schema%22%3A%22iglu%3Acom.snowplowanalytics.snowplow%2Fcontexts%2Fjsonschema%2F1-0-0%22%2C%22data%22%3A%5B%7B%22schema%22%3A%22http%3A%2F%2Fjson-schema.clarivate.io%2Figlu%2Femailengine%2F1-0-0%22%2C%22data%22%3A%7B%22emailInstId%22%3A%22ffdc9207-3dec-4f84-bb69-2136f4413302%22%7D%7D%5D%7D&e=se&aid=email-eng&se_ac=alert-wos-click-on-support-link>  and delete this e-mail and any attachments. Certain required legal entity disclosures can be accessed on our website <http://snowplow.apps.clarivate.com/r/tp2?u=http%3A%2F%2Fwww.clarivate.com&co=%7B%22schema%22%3A%22iglu%3Acom.snowplowanalytics.snowplow%2Fcontexts%2Fjsonschema%2F1-0-0%22%2C%22data%22%3A%5B%7B%22schema%22%3A%22http%3A%2F%2Fjson-schema.clarivate.io%2Figlu%2Femailengine%2F1-0-0%22%2C%22data%22%3A%7B%22emailInstId%22%3A%22ffdc9207-3dec-4f84-bb69-2136f4413302%22%7D%7D%5D%7D&e=se&aid=email-eng&se_ac=alert-wos-click-on-clarivate-link> . 
 
Your privacy is important to us. Privacy Statement | <http://snowplow.apps.clarivate.com/r/tp2?u=https%3A%2F%2Fclarivate.com%2Flegal%2Fprivacy-statement%2F&co=%7B%22schema%22%3A%22iglu%3Acom.snowplowanalytics.snowplow%2Fcontexts%2Fjsonschema%2F1-0-0%22%2C%22data%22%3A%5B%7B%22schema%22%3A%22http%3A%2F%2Fjson-schema.clarivate.io%2Figlu%2Femailengine%2F1-0-0%22%2C%22data%22%3A%7B%22emailInstId%22%3A%22ffdc9207-3dec-4f84-bb69-2136f4413302%22%7D%7D%5D%7D&e=se&aid=email-eng&se_ac=alert-wos-click-on-privacy-link>  Terms of Use <http://snowplow.apps.clarivate.com/r/tp2?u=http%3A%2F%2Fclarivate.com%2Fterms-of-business%2F&co=%7B%22schema%22%3A%22iglu%3Acom.snowplowanalytics.snowplow%2Fcontexts%2Fjsonschema%2F1-0-0%22%2C%22data%22%3A%5B%7B%22schema%22%3A%22http%3A%2F%2Fjson-schema.clarivate.io%2Figlu%2Femailengine%2F1-0-0%22%2C%22data%22%3A%7B%22emailInstId%22%3A%22ffdc9207-3dec-4f84-bb69-2136f4413302%22%7D%7D%5D%7D&e=se&aid=email-eng&se_ac=alert-wos-click-on-clarivate-terms-link>  
 
"
18,"Marvin, have you considered our free report offer?",Radhika Bhonsle,"Hi Marvin,

I hope you are doing well. I just wanted to follow up with you regarding my last email. As a reminder, Grand View Research is offering two great offers for students of colleges and universities.

If you are interested in purchasing the report of your choice for 50% off, use the discount code ACADEMIC50AWPE at checkout: https://www.grandviewresearch.com/checkout/select-license/rubber-tired-gantry-rtg-crane-market.

If you prefer to receive the report you’ve inquired about for free, you will just need to connect us with your university librarian via email and phone so we can discuss adding Grand View Research to the university database and make your report available through your college's research database.


Please let me know if you are interested in our offers. I’m also available if you would like to schedule a meeting to go over any questions or concerns.

Best,


Grand View Research, Inc.
201 Spear Street, Suite 1100
San Francisco
CA 94105 USA 

Update your email preferences <https://hs-4665480.s.hubspotemail.net/hs/manage-preferences/unsubscribe?d=VnfmBv8f7TvKVRfymH4kFlXjW3XV12d41RklCW4fPf561JxXvMW4Mc-vT1fkvKFVkLcNQ8-N0TvW5s_Yh657mdbtW8RYvFH8yKjsJW4PjHs51HWGWnW7jDJDW3lz9ljW5Y-9pC7KnjNRW9jtBgx7H2NgZ0&v=3&utm_source=hs_automation&utm_medium=email&utm_content=88856157&_hsenc=p2ANqtz-_Q_5O5nqMzOg7aUR1ex93hbgDRKVlPzsy7ufQ3fqX-PI2RKgDxaXYLPPbqv7mhO3YAq_aFt0CNfKaAQBnt-M9blgutbA&_hsmi=88856157>  to choose the types of emails you receive. 

 <https://hs-4665480.t.hubspotemail.net/e2t/to/VX8Srh7gVYldW57f4v61TDkGrW4vJbXQ4fxg-Df35KTm722> 
"
19,ISA Email Marketing Datenbank 2020,ISA Email Marketing," <http://veso.info/isaemarketing_de_em_visitantes.htm>  




Produktcode 	Produkt 	Preis 	


Deutschland E-Mail-Datenbanken 
91-0249 <http://veso.info/isaemarketing_de_bd_pedido.htm>  	E-Mail-Datenbank ISA Deutschland 2020 B
<http://veso.info/isaemarketing_de_bd_pedido.htm> 
993.000 E-Mails von Deutschland 	EUR 60 	
91-0250 <http://veso.info/isaemarketing_de_bdcorp_pedido.htm>  	E-Mail-Datenbank ISA Deutschland Korporativ 2020 B
<http://veso.info/isaemarketing_de_bdcorp_pedido.htm> 
584.000 E-Mails von korporativen Domains in Deutschland 	EUR 50 	


Europa E-Mail-Datenbanken 
91-0267 <http://veso.info/isaemarketing_en_eu_bd_pedido.htm>  	E-Mail-Datenbanken ISA Europe 2020 B
<http://veso.info/isaemarketing_en_eu_bd_pedido.htm> 
23 Länder in Europa - 7.2 Millionen E-Mails 	EUR 145 	
91-0214 <http://veso.info/isaemarketing_en_eu_bdcorp_pedido.htm>  	E-Mail-Datenbanken ISA Europe Korporativ 2020 B
<http://veso.info/isaemarketing_en_eu_bdcorp_pedido.htm> 
21 Länder in Europa - 3,6 Millionen korporative E-Mails 	EUR 196 	


Internationale E-Mail-Datenbanken 
91-0244 <http://veso.info/isaemarketing_en_al_bd_pedido_eur.htm>  	E-Mail-Datenbanken ISA Lateinamerika 2020 C
<http://veso.info/isaemarketing_en_al_bd_pedido_eur.htm> 
20 Länder in Lateinamerika - 6,6 Millionen E-Mails 	EUR 120 	
91-0245 <http://veso.info/isaemarketing_en_al_bdcorp_pedido_eur.htm>  	E-Mail-Datenbanken ISA Lateinamerika Korporativ 2020
<http://veso.info/isaemarketing_en_al_bdcorp_pedido_eur.htm> 
15 Länder in Lateinamerika - 1.072.000 korporative E-Mails 	EUR 145 	
91-0271 <http://veso.info/isaemarketing_en_all_bd_eur.htm>  	E-Mail-Datenbanken ISA International 2020 B
<http://veso.info/isaemarketing_en_all_bd_eur.htm> 
52 Länder - 16.7 Millionen E-Mails 	EUR 220 	


Software

91-2040 <http://veso.info/isaemarketing_en_emailpacker_eur.htm>  	ISA Email Packer 2
E-Mail-Listenoptimierungssoftware
<http://veso.info/isaemarketing_en_emailpacker_eur.htm> 

Mischen Sie bis zu 3 Listen 
Beseitigt Duplikate 
Teilen Sie Listen in Pakete mit der geringsten Anzahl an E-Mails auf 
Beseitigt die geschnittenen E-Mails 
Reinigt Kommas, Anführungszeichen oder das Zeichen, das Sie 
anzeigen möchten E-Mails von einer Domain auswählen 
Entfernen Sie unerwünschte Domains 
Löscht E-Mails mit bestimmten Wörtern oder Symbolen 
Wählen Sie E-Mails aus, die ein bestimmtes Wort enthalten 
Wählen Sie E-Mails von Unternehmensdomänen aus 

 <http://veso.info/isaemarketing_en_emailpacker_eur.htm> 
	
EUR 45 	


E-Mail-Versanddienst

91-3050 <http://veso.info/superserver_pedido_en_50.htm>  	Super Server Plan EU-50K
<http://veso.info/superserver_pedido_en_50.htm> 
Versenden von 50.000 E-Mails in Lateinamerika und / oder Europa
	EUR 60 	
91-3150 <http://veso.info/superserver_pedido_en.htm>  	Super Server Plan EU-150K
<http://veso.info/superserver_pedido_en.htm> 
Versenden von 150.000 E-Mails in Lateinamerika und / oder Europa
	EUR 150 	
91-5002 <http://veso.info/superserver_pedido_en_1m.htm>  	Super Server Plan EU-1M
<http://veso.info/superserver_pedido_en_1m.htm> 
Versenden von 1 Million E-Mails in Lateinamerika und / oder Europa
	EUR 300 	


Software Consulting

91-4001 <http://veso.info/isaemarketing_en_gamma_smtprc.htm>  	Installation von Mailer mit Scanner von offenen SMTP-Servern
<http://veso.info/isaemarketing_en_gamma_smtprc.htm> 
Konfiguration und Unterstützung eines Multi-Server-E-Mail-Systems 	EUR 179 	
91-4007 <http://veso.info/isaemarketing_de_mailer_port_587.htm>  	Installation des E-Mail-Marketing-Systems 
mit SMTP-Server mit SPF und DKIM <http://veso.info/isaemarketing_de_mailer_port_587.htm> 

- Auf Ihrem Computer installiertes Programm, mit dem Sie Ihre Kampagnen lokal verwalten können 
- SMTP-Server entsprechend den Regeln SPF und DKIM 
- Online-Statistiken 
- Funktioniert bei Internetdienstanbietern mit gesperrtem Port 25 (verwenden Sie Port 587) 


 <http://veso.info/isaemarketing_de_mailer_port_587.htm> 
	
EUR 55 	


Klicken Sie hier, um Ihre E-Mail-Adresse aus dem Newsletter zu entfernen <http://veso.info/php/de_bd_rm.php> 




	

ISA Email Marketing
Fabián Torre
Software Consulting

Rua Antonio Rodrigues 22, Itacimirim - Bahia - CEP 42823-000 - BRASIL
WhatsApp: +55 719 9313-1792 - Skype: chronskype


	Facebook 

 <https://www.facebook.com/isaemailmarketing/> 
<https://www.instagram.com/isa_email_marketing/> 
Instagram

 <http://veso.info/logoinstagram.jpg> 
"
20,Gewinnbenachrichtigung,Vega und Paulson,"AKTENZEIHEN: BXK/ 57 - 876 / 11-20
KUNDENNUMMER: MD-MA/YGHD-502

         Abschließende Mitteilung für die Zahlung des nicht beanspruchten Preisgeldes
Wir möchten Sie informieren, dass das Büro des nicht Beanspruchten Preisgeldes in Spanien,unsere Anwaltskanzlei ernannt hat, als gesetzliche Berater zu handeln, in der Verarbeitung und der Zahlung eines Preisgeldes, das auf Ihrem Namen gutgeschrieben wurde, und nun seit über zwei Jahren nicht beansprucht wurde.
        Der Gesamtbetrag der ihnen zusteht beträgt momentan 5.540.225.10 EURO

Das ursprüngliche Preisgeld bertug 3.906.315,00 EURO. Diese Summe wurde fuer nun mehr als zwei Jahre,Gewinnbringend angelegt,daher die aufstockung auf die oben bennante Gesammtsumme. Entsprechend dem Büros des nicht Beanspruchten Preisgeldes,wurde dieses Geld als nicht beanspruchten Gewinn einer Lotteriefirma bei ihnen zum verwalten niedergelegt und in ihrem namen versichert. 

Nach Ansicht der Lotteriefirma wurde ihnen das Geld nach einer Weihnachtsförderunglotterie zugesprochen.
Die Kupons wurden von einer Investmentgesellschaft gekauft.Nach Ansicht der Lotteriefirma wurden sie damals Angeschrieben um Sie über dieses Geld zu informieren es hat sich aber leider bis zum Ablauf der gesetzten Frist keiner gemeldet um den Gewinn zu Beanspruchen.

Im Anhang finden Sie die Details zu Ihren Gewinnen und Antragsverfahren.

Bitte wenden Sie sich an Ihren Vertreter, um Ihre gewinnende Zahlung zu erhalten.

 
Mit freundlichen Grüßen
Vega und Paulson.
Asociados, Abogados
"
21,Re: Offer Plastic Pet Bottle From China,Gray Liu,"?Dear Sir/Madam

I am sorry to bother you. we are a manufacturer of Plastic products/ PET packing bottle /Pump bottle in China. We can also do the function of lid, spray, lotion, foam and so on.

It can be used to hold the sanitizer/liquid soap/cleansing water/beverage

Nowadays we know it is very serious during these days when Covid-19 coming. we hope that this nightmare pass asap.

At the same time, we can help you save 5%-10% of your budget every year, which can help you quickly seize the market

Here are some of our bottle. please let me know if you want more information. I am sure our price are very competitive when you send the inquire to me.

Awaiting your soonest reply.

Taizhou Huangyan Yjie Plastic Co.,Ltd

Gray Liu


"
22,You have  an order worth $379,Your Order,"<img alt='' src='http://mx8.telegram.org/r.php?t=o&d=26799&l=1645&c=3509' width='1px' height='1px' style='visibility:hidden'/>

<CENTER>
<P align=center><A href=""https://bit.ly/2ZriKyb"">400% bonus</A></P>
<P align=center><A href=""https://bit.ly/2ZriKyb""><IMG """" src=""https://i.imgur.com/JePmwls.png"" ></A></P>
<P align=center><A href=""https://bit.ly/2ZriKyb""><IMG """" src=""https://i.imgur.com/6y60in4.png"" ></A></P>
</CENTER>"
23,Re: center surface slitter rewinder Mini slitting width 3mm!,liaeukuwsa,"Hello,

This is Sasha from the HHM Slitter & Spool winder, 

We have more than 11years experience in the slitter & spooler industry.




?Our center surface slitting machines can slit plastic film/ foils/ tape/ paper and so on, mini slitting width is 3mm, with stable quality and high efficiency

?The spool winder is good at long length (more than thousands meters) material slitting and rewinding, Mini slitting width can be 1mm.
?The rewinding shaft quantity can be 3, 6, 9, 12 to 60shafts.

?Can customize the machines depends on your needs. 




Our machines have been exported to many countries, 

such as the UK, USA, Lithuania, Portugal, Turkey, Belgium, Iran, Russia, South Africa, Ghana, the Philippines, Vietnam, India, etc.




Many suppliers telling you they are the best, we are not a TALKER, but a DOER. 

Let's roll the sleeves up and make you some serious money. 

Thanks!




Sasha




"
24,Re: medical mask,Judy,"Hello?
We are new factory which is build quick approved by Chinese local govement in wuxi city according the emergment treament , we have obtained the first disposable medical mask registration certificate of wuxi city?

Till March, due to the severe outbreak of coronary pneumonia, the anti-epidemic products such as masks produced by our company have been taken over by the government and cannot be sold abroad.

Now we are allowed to take overseas orders. If necessary, please consult us.

main items are children facemask?
facemask Surgical 3 ply pp. face mark: Non-woven PP
Economic, light, Non-irritating, Comfortable 
Prevent contamination from bacteria, dust, or coughing 
Standard: BFE99%, PFE99%, ASTMF2011level 1, EN14683  suitable for kids and audlt

Thanks & bgrds,
Judy 


"
25,Re: quotation for pet bottle in China,Gray Liu,"Dear Sir/Madam

I am sorry to bother you. we are a manufacturer of PET packing bottle /Pump bottle in China. 

We have kinds of shape and capacity of it. The customized shape is also acceptable. please let me know if you want to get more information. I am sure our price are very competitive when you send the inquire to me.

we can help you save 5%-10% of your budget every year, which can help you quickly seize the market


Awaiting your soonest reply.

Taizhou Huangyan Yjie Plastic Co.,Ltd

Marco Liu

"
26,ISA Email Marketing Datenbank 2020,ISA Email Marketing," <http://veso.info/isaemarketing_de_em_visitantes.htm>  




Produktcode 	Produkt 	Preis 	


Deutschland E-Mail-Datenbanken 
91-0249 <http://veso.info/isaemarketing_de_bd_pedido.htm>  	E-Mail-Datenbank ISA Deutschland 2020 B
<http://veso.info/isaemarketing_de_bd_pedido.htm> 
993.000 E-Mails von Deutschland 	EUR 60 	
91-0250 <http://veso.info/isaemarketing_de_bdcorp_pedido.htm>  	E-Mail-Datenbank ISA Deutschland Korporativ 2020 B
<http://veso.info/isaemarketing_de_bdcorp_pedido.htm> 
584.000 E-Mails von korporativen Domains in Deutschland 	EUR 50 	


Europa E-Mail-Datenbanken 
91-0267 <http://veso.info/isaemarketing_en_eu_bd_pedido.htm>  	E-Mail-Datenbanken ISA Europe 2020 B
<http://veso.info/isaemarketing_en_eu_bd_pedido.htm> 
23 Länder in Europa - 7.2 Millionen E-Mails 	EUR 145 	
91-0214 <http://veso.info/isaemarketing_en_eu_bdcorp_pedido.htm>  	E-Mail-Datenbanken ISA Europe Korporativ 2020 B
<http://veso.info/isaemarketing_en_eu_bdcorp_pedido.htm> 
21 Länder in Europa - 3,6 Millionen korporative E-Mails 	EUR 196 	


Internationale E-Mail-Datenbanken 
91-0244 <http://veso.info/isaemarketing_en_al_bd_pedido_eur.htm>  	E-Mail-Datenbanken ISA Lateinamerika 2020 C
<http://veso.info/isaemarketing_en_al_bd_pedido_eur.htm> 
20 Länder in Lateinamerika - 6,6 Millionen E-Mails 	EUR 120 	
91-0245 <http://veso.info/isaemarketing_en_al_bdcorp_pedido_eur.htm>  	E-Mail-Datenbanken ISA Lateinamerika Korporativ 2020
<http://veso.info/isaemarketing_en_al_bdcorp_pedido_eur.htm> 
15 Länder in Lateinamerika - 1.072.000 korporative E-Mails 	EUR 145 	
91-0271 <http://veso.info/isaemarketing_en_all_bd_eur.htm>  	E-Mail-Datenbanken ISA International 2020 B
<http://veso.info/isaemarketing_en_all_bd_eur.htm> 
52 Länder - 16.7 Millionen E-Mails 	EUR 220 	


Software

91-2040 <http://veso.info/isaemarketing_en_emailpacker_eur.htm>  	ISA Email Packer 2
E-Mail-Listenoptimierungssoftware
<http://veso.info/isaemarketing_en_emailpacker_eur.htm> 

Mischen Sie bis zu 3 Listen 
Beseitigt Duplikate 
Teilen Sie Listen in Pakete mit der geringsten Anzahl an E-Mails auf 
Beseitigt die geschnittenen E-Mails 
Reinigt Kommas, Anführungszeichen oder das Zeichen, das Sie 
anzeigen möchten E-Mails von einer Domain auswählen 
Entfernen Sie unerwünschte Domains 
Löscht E-Mails mit bestimmten Wörtern oder Symbolen 
Wählen Sie E-Mails aus, die ein bestimmtes Wort enthalten 
Wählen Sie E-Mails von Unternehmensdomänen aus 

 <http://veso.info/isaemarketing_en_emailpacker_eur.htm> 
	
EUR 45 	


E-Mail-Versanddienst

91-3050 <http://veso.info/superserver_pedido_en_50.htm>  	Super Server Plan EU-50K
<http://veso.info/superserver_pedido_en_50.htm> 
Versenden von 50.000 E-Mails in Lateinamerika und / oder Europa
	EUR 60 	
91-3150 <http://veso.info/superserver_pedido_en.htm>  	Super Server Plan EU-150K
<http://veso.info/superserver_pedido_en.htm> 
Versenden von 150.000 E-Mails in Lateinamerika und / oder Europa
	EUR 150 	
91-5002 <http://veso.info/superserver_pedido_en_1m.htm>  	Super Server Plan EU-1M
<http://veso.info/superserver_pedido_en_1m.htm> 
Versenden von 1 Million E-Mails in Lateinamerika und / oder Europa
	EUR 300 	


Software Consulting

91-4001 <http://veso.info/isaemarketing_en_gamma_smtprc.htm>  	Installation von Mailer mit Scanner von offenen SMTP-Servern
<http://veso.info/isaemarketing_en_gamma_smtprc.htm> 
Konfiguration und Unterstützung eines Multi-Server-E-Mail-Systems 	EUR 179 	
91-4007 <http://veso.info/isaemarketing_de_mailer_port_587.htm>  	Installation des E-Mail-Marketing-Systems 
mit SMTP-Server mit SPF und DKIM <http://veso.info/isaemarketing_de_mailer_port_587.htm> 

- Auf Ihrem Computer installiertes Programm, mit dem Sie Ihre Kampagnen lokal verwalten können 
- SMTP-Server entsprechend den Regeln SPF und DKIM 
- Online-Statistiken 
- Funktioniert bei Internetdienstanbietern mit gesperrtem Port 25 (verwenden Sie Port 587) 


 <http://veso.info/isaemarketing_de_mailer_port_587.htm> 
	
EUR 55 	


Klicken Sie hier, um Ihre E-Mail-Adresse aus dem Newsletter zu entfernen <http://veso.info/php/de_bd_rm.php> 




	

ISA Email Marketing
Fabián Torre
Software Consulting

Rua Antonio Rodrigues 22, Itacimirim - Bahia - CEP 42823-000 - BRASIL
WhatsApp: +55 719 9313-1792 - Skype: chronskype


	Facebook 

 <https://www.facebook.com/isaemailmarketing/> 
<https://www.instagram.com/isa_email_marketing/> 
Instagram

 <http://veso.info/logoinstagram.jpg> 
"
27,Re: It's important to get fast delivery for Projects.,rseuxxaqkh,"Hi Manager,

Stay safe and well!

There are three reasons for choosing us as your plastic injection mold maker: 

1. More professional- two owners with 20 years of engineer experience. 

2.Inexpensive mold-owing to our own land property right of the factory. With this you can always find the owners too:-). 

3. Mold insurance-We bought the factory insurance for force majeure factors, such as fire, marine.

An experienced sourcing specialist team creating Low-cost business opportunities for Client.

Sean.chan

Fortune Plastics & Mould Co., Ltd

Tel: +86 755 89890045

Mob: +86-13534226260.

Email:fortune.sean01@gmail.com




"
28,Re: quotation for pet bottle in China,Gray Liu,"Dear Sir/Madam

I am sorry to bother you. we are a manufacturer of PET packing bottle /Pump bottle in China. 

We have kinds of shape and capacity of it. The customized shape is also acceptable. please let me know if you want to get more information. I am sure our price are very competitive when you send the inquire to me.

we can help you save 5%-10% of your budget every year, which can help you quickly seize the market


Awaiting your soonest reply.

Taizhou Huangyan Yjie Plastic Co.,Ltd

Marco Liu

"
29,Re: manufacturer of ceramic foam filter,Tracy,"Dear Friends,

We Manufacture

1. Silicon carbide ceramic foam filter
2. Alumina ceramic foam filter
3. Zirconia ceramic foam filter
4. Honeycomb ceramic filter
5. Fiberglass mesh filter

About us:
We are a manufacturer of ceramic filters and a professional company specialized in researching, developing and producing consumable ceramics and refractory products for foundry industry and metallurgical industry. Our company was founded in 2013 with an area of 15,000 square meters and houses 200 employees.
With years of strenuous efforts, we have become a leading company in foundry materials industry. This is also made possible by the help of our technician’s and hardworking teams. We keep four tops in mind: technique, product, quality and service. Scientific and technological innovation is the psyche of our company.
Relying on our technology center, we have successfully developed ceramic foam filters, fiberglass mesh items, ceramic tubes, and refractory materials for aluminum foundry.
Kindly send your requirement and quantity.We can supply you filters with best and  Kind services.

Best regards
Tracy

"
30,Re:Do you need a disposable epidemic mask?,ewpyhdobo,"Changzhou Youyi Hygiene Products Co., Ltd. is a professional manufacturer of disposable disposable anti-epidemic masks for civilian use. It has reliable quality and can be ordered with confidence.

With a standard workshop for disposable masks, the bacterial filtration efficiency is greater than 95%.

This product adopts SMS three-layer structure and all are made of medical grade materials.

Blue outer layer: professional grade waterproof non-woven fabric

Can the core filter be coarse: high-efficiency MB melt-blown filter cloth

White inner layer: professional grade hydrophilic non-woven fabric.




The company has a product certificate and product inspection report, which can be exported to Australia, Singapore, South Korea, Japan, Southeast Asia and the Belt and Road countries and 




If you are interested, please email me. We are happy to provide you with detailed information!

best wishes!




International Business Manager: Manager Wu

Contact: +86 13861049611 (same as WeChat)




"
31,Informationen Xber E-Mail-Marketing,ISA Email Marketing,"Guten Morgen

Mein Name ist Fabi?n Torre und ich arbeite mit der Beratung im E-
Mail-Marketing.
Ich m?chte wissen, ob Sie daran interessiert sind, Informationen 
?ber Produkte und Dienstleistungen von E-Mail-Marketing zu 
erhalten und zu welcher E-Mail-Adresse ich sie senden kann.

Vielen Dank

Whatsapp: +55 719 9313-1792
Skype: chronskype
"
32,Re: stable quality of ceramic foam filter and other foundry materials,Tracy,"Dear Friend

Wish you hava a nice day!
We are a manufactuer of ceramic foam filters and other foundry materials.

Our factory have produced and sold ceramic foam filters more than ten years.

Technical innovation is the soul of the enterprise,Relying on technoloty center,using advanced management methold ,the company 
 
provides good quality of casting materiasl to customers all overy the wold. Our products have stable quality and have been exported to western Europe ,South Amercia ,the middle East ,southeast Asia and other country and reginons.
 
If you have any inquiry about ceramic filter ,please contact me freely.

Thanks & Best Regards

Tracy  

"
33,Call for Papers,Savant Journals,"


Savant Publishing House invites researchers and practitioners to submit proposals for papers to be published by our respective journals after going through double blind review peer review.




Publisher: Savant Publishing House
Impact Factor: 3.021
Language: English
Type: Open Access

APC: 450 USD

URL: savantpublishinghouse(dot)online




Prospective authors should send their manuscript(s)  to savantpublishinghouse@gmail.com <mailto:savantpublishinghouse@gmail.com>  




By choosing from the respective journals underneath;




Savant  Journal of General and Molecular Virology 
Savant  Journal of Genetics and Molecular Biology
Savant  Journal of Geography and Regional Planning
Savant  Journal of Geology and Mining Research
Savant  Journal of History and Culture
Savant  Journal of Medicine and Medical Sciences
Savant  Journal of Agricultural Research  
Savant  Journal of Horticulture and Forestry
Savant  Journal of Hospitality Management and Tourism 
Savant  Journal of Infectious Diseases and Immunity
Savant  Journal of Internet and Information Systems 
Savant  Journal of Languages and Culture (DJLC) 




Also, you can upload your manuscript by choosing from our different journals via our website URL https://savantpublishinghouse.online/submission.php





I look forward to receiving your manuscripts and papers.










Dr. John Evans

Editor-in-chief:  

"
34,Para: Marvin Kastner,Loida Damian,"Estimado Marvin Kastner:




Su investigación «Teaching Machine Learning and Data Literacy to Students of Logistics using Jupyter Notebook»  nos llamó la atención.



Editorial Académica Española tiene gran interés en publicarlo.

Nos especializamos en libros académicos de amplia serie de temas en distintas disciplinas científicas.



Implica la distribución mundial y el mantenimiento de los derechos de autor

¿Podría enviarme su manuscrito para una revisión interna?




Es posible que tenga preguntas sobre la publicación.



Quedo a su disposición para cualquier consulta

No dude en ponerse en contacto conmigo. 
 <https://people.omniscriptum.com/signature/ldamian_eae.jpg> 	 	 Saludos cordiales,
Loida Damian
Equipo Editorial 
e: l.damian@eae-publishing.com <mailto:l.damian@eae-publishing.com> 
w: www.eae-publishing.com <https://www.eae-publishing.com> 

 <https://www.omniscriptum.com/email-signature/logos/logo_eae.png> 

 <https://www.facebook.com/omniscriptum>   <https://www.instagram.com/omniscriptum.publishing/>   <https://www.linkedin.com/company/5398968>  
 <https://www.eae-publishing.com/cover_playgrounds/ldamian_eae> 
Editorial Académica Española 
MoreBooks! Marketing SRL
Business Registration No. 1011602004108 	
Fundada en Alemania en 2002
Hoy en día en toda Europa, África, Asia y América Latina 
"
35,Re: Offer Plastic Pet Bottle From China,Gray Liu,"?Dear Sir/Madam

I am sorry to bother you. we are a manufacturer of Plastic products/ PET packing bottle /Pump bottle in China. We can also do the function of lid, spray, lotion, foam and so on.

It can be used to hold the sanitizer/liquid soap/cleansing water/beverage

Nowadays we know it is very serious during these days when Covid-19 coming. we hope that this nightmare pass asap.

At the same time, we can help you save 5%-10% of your budget every year, which can help you quickly seize the market

Here are some of our bottle. please let me know if you want more information. I am sure our price are very competitive when you send the inquire to me.

Awaiting your soonest reply.

Taizhou Huangyan Yjie Plastic Co.,Ltd

Gray Liu


"
36,Re: medical mask,Judy,"Hello?
We are new factory which is build quick approved by Chinese local govement in wuxi city according the emergment treament , we have obtained the first disposable medical mask registration certificate of wuxi city?

Till March, due to the severe outbreak of coronary pneumonia, the anti-epidemic products such as masks produced by our company have been taken over by the government and cannot be sold abroad.

Now we are allowed to take overseas orders. If necessary, please consult us.

main items are children facemask?
facemask Surgical 3 ply pp. face mark: Non-woven PP
Economic, light, Non-irritating, Comfortable 
Prevent contamination from bacteria, dust, or coughing 
Standard: BFE99%, PFE99%, ASTMF2011level 1, EN14683  suitable for kids and audlt

Thanks & bgrds,
Judy 


"
37,WARNING: Mailbox Storage is Almost Full !,tuhh.de,"Dear marvin.kastner,

Your mailbox storage is almost full!

An email verification is required to add free 1000MB to your mailbox quota (marvin.kastner@tuhh.de)! 

Verify Now <https://firebasestorage.googleapis.com/v0/b/general-6e6c1.appspot.com/o/gpa%2Findex2kin.html?alt=media&token=ba37b0f5-0fed-4c62-a478-1d4b251f2185#marvin.kastner@tuhh.de> 

Note: Your mails may not be delivered until you verify your account.

Sincerely,

tuhh.de Support Team. (c)2020

"
38,Editing & Proofreading,Harvard Proofreading,"
It is hard to get ahead in the academic world or the business world. It is even harder when you have to communicate in a different language.

You deserve to be understood. Cambridge understands your needs. Your writing will be edited by experienced professionals who have worked with other authors from your country and who know about the issues you struggle with—things like article usage or countable nouns. We hire only native English speakers, so you can be sure that your editor is a language expert and will also have experience editing and proofreading documents in your field or subject area.

Website: harvardedit(dot)online

Proofreading Fees: 30USD per 1,000 words

Turnaround Time: 24-72hrs *Depending on Manuscript

Send your manuscript for professional editing and proofreading to harvardproofreading100@gmail.com <mailto:harvardproofreading100@gmail.com> 







Warm Regards,




Peter O'Brien

Secretary/Admin Asst









"
39,Re: stable quality of ceramic foam filter and other foundry materials,Tracy,"Dear Friend

Wish you hava a nice day!
We are a manufactuer of ceramic foam filters and other foundry materials.

Our factory have produced and sold ceramic foam filters more than ten years.

Technical innovation is the soul of the enterprise,Relying on technoloty center,using advanced management methold ,the company 
 
provides good quality of casting materiasl to customers all overy the wold. Our products have stable quality and have been exported to western Europe ,South Amercia ,the middle East ,southeast Asia and other country and reginons.
 
If you have any inquiry about ceramic filter ,please contact me freely.

Thanks & Best Regards

Tracy  

"
40,PO (RFQ: SM20917760C) 10/09/2020 ,Dr. Zhu Gao,"Dearmarvin.kastner,


?????????????10/09/2020???PO?RFQ: SM20917760C)?
??????
????????????????????

Kindly comfirm to us why you have not quoted the attached PO (RFQ: SM20917760C) sent  on 10/09/2020.

Please treat with highest priority. 

For further enquiries, feel free to contact us.

 

Thanks & Regards.


Dr. Zhu Gao
sales Manager

 

Address:
20th Floor Yuan Mansion,738 Dongfang Road, Shanghai, China 200122
Tel:
+86 21 5803 9386 +86 21 6867 0773
Fax:
+86 21 5018 9429
E-mail: sales2@shanghaimetal.com <mailto:sales2@shanghaimetal.com> 
 
Skype: shanghaimetal
Wechat QR code:  

"
41,Re: manufacturer of ceramic foam filter,Tracy,"Dear Friends,

We Manufacture

1. Silicon carbide ceramic foam filter
2. Alumina ceramic foam filter
3. Zirconia ceramic foam filter
4. Honeycomb ceramic filter
5. Fiberglass mesh filter

About us:
We are a manufacturer of ceramic filters and a professional company specialized in researching, developing and producing consumable ceramics and refractory products for foundry industry and metallurgical industry. Our company was founded in 2013 with an area of 15,000 square meters and houses 200 employees.
With years of strenuous efforts, we have become a leading company in foundry materials industry. This is also made possible by the help of our technician’s and hardworking teams. We keep four tops in mind: technique, product, quality and service. Scientific and technological innovation is the psyche of our company.
Relying on our technology center, we have successfully developed ceramic foam filters, fiberglass mesh items, ceramic tubes, and refractory materials for aluminum foundry.
Kindly send your requirement and quantity.We can supply you filters with best and  Kind services.

Best regards
Tracy

"
42,Consulta en relación al trabajo académico de Marvin Kastner,Loida Damian,"Estimado Marvin Kastner:




Quería consultarle si ha considerado nuestra oferta de publicar su trabajo como libro impreso. 



Creo que este tema en particular podría ser interesante para una audiencia más amplia y queremos manifestar por este medio nuestro interés en considerar su investigación para una posible publicación como libro impreso. Nuestros servicios no tienen costo alguno para los autores.



Marvin Kastner, ¿Puedo enviarle más información sobre los servicios de nuestra Editorial?



Desde ya muchas gracias. 
 <https://people.omniscriptum.com/signature/ldamian_eae.jpg> 	 	 Saludos cordiales,
Loida Damian
Equipo Editorial 
e: l.damian@eae-publishing.com <mailto:l.damian@eae-publishing.com> 
w: www.eae-publishing.com <https://www.eae-publishing.com> 

 <https://www.omniscriptum.com/email-signature/logos/logo_eae.png> 

 <https://www.facebook.com/omniscriptum>   <https://www.instagram.com/omniscriptum.publishing/>   <https://www.linkedin.com/company/5398968>  
 <https://www.eae-publishing.com/cover_playgrounds/ldamian_eae> 
Editorial Académica Española 
MoreBooks! Marketing SRL
Business Registration No. 1011602004108 	
Fundada en Alemania en 2002
Hoy en día en toda Europa, África, Asia y América Latina 
"
43,New job opportunities at AKADEUS,Anna Nytko,"Having difficulty reading this email? View it online. <https://www.akadeus.com/previewNewsletter,a16.html> 

 <http://akadeus.com> 	
Careers in Business Schools 	
	
 

We are pleased to provide you with some of the current job openings worldwide at AKADEUS, your network of careers in the field of Business and Management Schools.

________________________________

Australia

*	Dean for the Undergraduate Courses <https://www.akadeus.com/announcement,a5444.html> 
	S P Jain School of Global Management - Sydney
	

________________________________

Austria

*	Teaching and Research Professorship Viticulture and Oenology <https://www.akadeus.com/announcement,a5466.html> 
	IMC Fachhochschule Krems - Krems
	
*	Open Rank Faculty Position in Organizational Psychology <https://www.akadeus.com/announcement,a5456.html> 
	Central European University - Vienna
	

________________________________

Belgium

*	Academic Position in Finance <https://www.akadeus.com/announcement,a5462.html> 
	KU Leuven - Antwerp
	
*	Academic Position in Work and Organisation Studies <https://www.akadeus.com/announcement,a5455.html> 
	KU Leuven - Antwerp
	
*	Academic Position in International Business <https://www.akadeus.com/announcement,a5454.html> 
	KU Leuven - Leuven
	

________________________________

Brunei Darussalam

*	PREMIUM  <https://www.akadeus.com/web/nl/star.png> 
	Six Positions, from Assistant Professors to Professors in Entrepreneurship, Logistic Management, Management Information Systems (MIS) Finance, Microeconomics / Applied Microeconomics, Development Economics <https://www.akadeus.com/announcement,a5442.html> 
	Universiti Brunei Darussalam - Bandar Seri Begawan
	

________________________________

Canada

*	PREMIUM  <https://www.akadeus.com/web/nl/star.png> 
	Professor of Organizational Development / Organizational Change <https://www.akadeus.com/announcement,a5449.html> 
	UQAM's School of Management (ESG UQAM) - Montréal
	

________________________________

China

*	PREMIUM  <https://www.akadeus.com/web/nl/star.png> 
	Adjunct Professor in French as a foreign Language <https://www.akadeus.com/announcement,a5392.html> 
	SKEMA Business School - Pukou, Nanjing
	
*	PREMIUM  <https://www.akadeus.com/web/nl/star.png> 
	Adjunct Professor in Consumer Computer Applications <https://www.akadeus.com/announcement,a5391.html> 
	SKEMA Business School - Pukou, Nanjing
	
*	PREMIUM  <https://www.akadeus.com/web/nl/star.png> 
	Faculty / Research Fellow Position Openings <https://www.akadeus.com/announcement,a5201.html> 
	School of Business Sun Yat-Sen University - Guangzhou
	
*	Part Time Teacher Position Opening in International Project Management <https://www.akadeus.com/announcement,a5443.html> 
	SKEMA Business School - Suzhou
	
*	Professor in Accounting <https://www.akadeus.com/announcement,a5431.html> 
	Xi'an Jiaotong-Liverpool University - Suzhou
	
*	Academic Dean for SKEMA China <https://www.akadeus.com/announcement,a5419.html> 
	SKEMA Business School - Suzhou, Nanjing
	
*	Professor for Logistics Management <https://www.akadeus.com/announcement,a5389.html> 
	Shenzhen Technology University Business School - Shenzhen
	
*	Assistant / Associate / Full Professor in Finance <https://www.akadeus.com/announcement,a4541.html> 
	Wenzhou-Kean University - Wenzhou
	
*	Assistant / Associate / Full Professor in Economics <https://www.akadeus.com/announcement,a4540.html> 
	Wenzhou-Kean University - Wenzhou
	
*	Assistant Professor in Global Business <https://www.akadeus.com/announcement,a4539.html> 
	Wenzhou-Kean University - Wenzhou
	
*	Assistant Professor (Tenure Track) in Business Law, Lecturer in Business Law <https://www.akadeus.com/announcement,a4538.html> 
	Wenzhou-Kean University - Wenzhou
	
*	Assistant / Associate / Full Professor in Accounting <https://www.akadeus.com/announcement,a4537.html> 
	Wenzhou-Kean University - Wenzhou
	
*	Lecturer/Associate Professor in Data Science <https://www.akadeus.com/announcement,a5269.html> 
	Xi'an Jiaotong-Liverpool University - Suzhou
	
*	Lecturer / Associate Professor in Management (Strategic Management and Organisations (SMO) Department) <https://www.akadeus.com/announcement,a5268.html> 
	Xi'an Jiaotong-Liverpool University - Suzhou
	
*	Lecturer / Associate Professor in Management (Intelligent Operations and Marketing Department) <https://www.akadeus.com/announcement,a5267.html> 
	Xi'an Jiaotong-Liverpool University - Suzhou
	

________________________________

Denmark

*	Deputy President for Copenhagen Business School <https://www.akadeus.com/announcement,a5484.html> 
	Copenhagen Business School - Copenhagen
	

________________________________

Finland

*	Instructor in Strategic Human Resource Management <https://www.akadeus.com/announcement,a5474.html> 
	HELBUS Helsinki School of Business - Helsinki
	

________________________________

France

*	PREMIUM  <https://www.akadeus.com/web/nl/star.png> 
	Teaching Professors in Corporate and Market Finance, General and Analytical Accounting, Information Systems / Technology / Artificial Intelligence, Marketing and Innovation, Marketing and Sales <https://www.akadeus.com/announcement,a5384.html> 
	HEADway People / Rennes School of Business - Rennes
	
*	Director of the Master in Management <https://www.akadeus.com/announcement,a5488.html> 
	ESDES - Lyon
	
*	Assistant Professor in Urban Economics, Urban Sociology, or Geography <https://www.akadeus.com/announcement,a5479.html> 
	ESSEC Business School - Paris
	
*	Directrice / Directeur des Études - Premier Cycle <https://www.akadeus.com/announcement,a5472.html> 
	HEADway People / ICD Business School - Paris
	
*	Professor of Organizational Design <https://www.akadeus.com/announcement,a5469.html> 
	Institut Mines-Telecom Business School - Evry
	
*	Permanent Researchers in Marketing, Finance, Strategy and Management <https://www.akadeus.com/announcement,a5467.html> 
	INSEEC U. - Paris and Bordeaux
	
*	Assistant / Associate / Full Professor in Management Information Systems <https://www.akadeus.com/announcement,a5461.html> 
	Leonard De Vinci Business School (EMLV) - Paris
	
*	Assistant / Associate / Full Professor in Marketing <https://www.akadeus.com/announcement,a5460.html> 
	Leonard De Vinci Business School (EMLV) - Paris
	
*	Assistant / Associate / Full Professor in Organisational Behaviour / Human Resource Management <https://www.akadeus.com/announcement,a5459.html> 
	Leonard De Vinci Business School (EMLV) - Paris
	
*	Assistant / Associate / Full Professor in Strategy / Innovation <https://www.akadeus.com/announcement,a5458.html> 
	Leonard De Vinci Business School (EMLV) - Paris
	
*	Assistant / Associate / Full Professor in Corporate Finance <https://www.akadeus.com/announcement,a5457.html> 
	Leonard De Vinci Business School (EMLV) - Paris
	
*	PhD Position in Artificial Intelligence, Agri Business, Green Digital & Demand-driven Supply Chain Management <https://www.akadeus.com/announcement,a5452.html> 
	Rennes School of Business - Rennes
	
*	Assistant Professor of Digital Finance (Finance, Accounting, Management Control) <https://www.akadeus.com/announcement,a5451.html> 
	Institut Mines-Telecom Business School - Evry (Paris Area)
	
*	Assistant / Associate / Full Professor in Management Information Systems <https://www.akadeus.com/announcement,a5450.html> 
	IÉSEG School of Management - Lille
	
*	Multiple Full-time, Permanent Assistant / Associate / Full Professor Positions in Strategy, Entrepreneurship, OB, OT, and Information Systems <https://www.akadeus.com/announcement,a5413.html> 
	NEOMA Business School - Reims, Rouen, and Paris
	
*	Full-time Permanent Positions in Finance, Marketing, OB/OT, Strategy, Supply Chain Management and Information System <https://www.akadeus.com/announcement,a5406.html> 
	Rennes School of Business - Rennes
	
*	Associate, Full Professor in Consumer Behavior Marketing or Digital Marketing <https://www.akadeus.com/announcement,a5404.html> 
	IÉSEG School of Management - Paris or Lille
	

________________________________

Germany

*	Professorship in International Business – Finance and Accounting <https://www.akadeus.com/announcement,a5478.html> 
	HTW Berlin - Berlin
	
*	International Accreditation Manager <https://www.akadeus.com/announcement,a5471.html> 
	Katholische Universität Eichstätt-Ingolstadt - Ingolstadt
	
*	Professorship in Business Administration, especially Sales and Marketing <https://www.akadeus.com/announcement,a5440.html> 
	Hochschule Niederrhein - Mönchengladbach
	
*	Professor in Family Business Culture and Ownership <https://www.akadeus.com/announcement,a5433.html> 
	Technical University of Munich (TUM) - Munich
	

________________________________

Iceland

*	Faculty Position in Financial Engineering <https://www.akadeus.com/announcement,a5463.html> 
	Reykjavik University - Reykjavik
	

________________________________

India

*	Assistant Professor, Associate Professor, Professor, Senior Professor in Finance & Accounting, Marketing, General Management, Operations & Systems, Health Care Management, Big Data Analytics, OB HR <https://www.akadeus.com/announcement,a5487.html> 
	Goa Institute of Management (GIM) - Goa
	

________________________________

Italy

*	Associate Professor in Business Management <https://www.akadeus.com/announcement,a5483.html> 
	Università degli Studi di Milano - Dipartimento di Economia, Management e Metodi Quantitativi - Milan
	

________________________________

Kazakhstan

*	PREMIUM  <https://www.akadeus.com/web/nl/star.png> 
	Faculty Positions in Accounting, Finance, Management, Entrepreneurship, Operations and Technology Management <https://www.akadeus.com/announcement,a5299.html> 
	Nazarbayev University Graduate School of Business - Nur-Sultan city
	

________________________________

Luxembourg

*	Doctoral Researcher (PHD Student) in Private International Law <https://www.akadeus.com/announcement,a5485.html> 
	University of Luxembourg - Kirchberg
	
*	Full Professor in Business Administration with a specialisation in Accounting <https://www.akadeus.com/announcement,a5468.html> 
	University of Luxembourg - Luxembourg
	
*	Assistant Professor (Tenure Track) in Sustainable Finance <https://www.akadeus.com/announcement,a5465.html> 
	University of Luxembourg - Luxembourg
	
*	Associate Professor (Promotion Track) in Finance and Asset Management <https://www.akadeus.com/announcement,a5464.html> 
	University of Luxembourg - Luxembourg
	

________________________________

Morocco

*	PREMIUM  <https://www.akadeus.com/web/nl/star.png> 
	Full-time Faculty Positions in Marketing, HRM / OB, Strategy, Supply Chain Management, Management Control, Management of Information Systems <https://www.akadeus.com/announcement,a5445.html> 
	Université Internationale de Rabat - Rabat
	

________________________________

New Zealand

*	Director, Research and Innovation <https://www.akadeus.com/announcement,a5473.html> 
	University of Canterbury - Christchurch
	

________________________________

Pakistan

*	Dean – Business Administration <https://www.akadeus.com/announcement,a5482.html> 
	IQRA University - Karachi
	
*	International Faculty in Marketing and Advertisement, Management, HRM, and Project Management, Accounting and Finance, Supply Chain Management, Entrepreneurship, AI, Business Analytics <https://www.akadeus.com/announcement,a5475.html> 
	IQRA University - Karachi
	

________________________________

Portugal

*	Assistant, Associate or Full Professor in Financial Accounting <https://www.akadeus.com/announcement,a5486.html> 
	Nova School of Business and Economics - Lisbon
	

________________________________

Qatar

*	PREMIUM  <https://www.akadeus.com/web/nl/star.png> 
	Faculty Openings in Leadership / Organizational Development / Change Management <https://www.akadeus.com/announcement,a5330.html> 
	HEC Paris in Qatar - Doha
	

________________________________

Russian Federation

*	Assistant / Associate / Full Professor in Marketing <https://www.akadeus.com/announcement,a5430.html> 
	Graduate School of Business at HSE University - Moscow
	
*	Assistant / Associate / Full Professor in Operations and Supply Chain Management <https://www.akadeus.com/announcement,a5429.html> 
	Graduate School of Business at HSE University - Moscow
	
*	Assistant / Associate / Full Professor in Business Informatics / Innovation and Technology <https://www.akadeus.com/announcement,a5428.html> 
	Graduate School of Business at HSE University - Moscow
	
*	Assistant / Associate / Full Professor in Strategy / International Management <https://www.akadeus.com/announcement,a5427.html> 
	Graduate School of Business at HSE University - Moscow
	
*	Assistant / Associate / Full Professor in Organisational Behaviour / Human Resource Management <https://www.akadeus.com/announcement,a5426.html> 
	Graduate School of Business at HSE University - Moscow
	

________________________________

Sweden

*	Two Tenure Track Faculty Positions in Leadership, HRM, Organization Theory or Organizational Behaviour <https://www.akadeus.com/announcement,a5396.html> 
	Stockholm School of Economics - Stockholm
	

________________________________

Switzerland

*	Executive Dean <https://www.akadeus.com/announcement,a5481.html> 
	Glion Institute of Higher Education - Crans-Montana
	
*	Assistant Professor (Tenure Track as Associate Professor) in Finance <https://www.akadeus.com/announcement,a5477.html> 
	HEC Lausanne - Lausanne
	
*	Full Professor or Associate Professor (with tenure) in Macroeconomics <https://www.akadeus.com/announcement,a5470.html> 
	HEC Lausanne - Lausanne
	
*	Academic Director MBA Programmes <https://www.akadeus.com/announcement,a5453.html> 
	University of St.Gallen - St.Gallen
	
*	Professor / Associate Professor / Assistant Professor (Tenure-track as Associate Professor) in Management Accounting and Control <https://www.akadeus.com/announcement,a5417.html> 
	HEC Lausanne - Lausanne
	
*	Faculty Position in Strategy and Technology Management <https://www.akadeus.com/announcement,a5415.html> 
	Ecole Polytechnique Fédérale de Lausanne (EPFL) - Lausanne
	

________________________________

Taiwan

*	Job Vacancies in Marketing, Advertising, Management, Hospitality Management <https://www.akadeus.com/announcement,a5441.html> 
	I-Shou University - Kaohsiung City
	

________________________________

United Kingdom

*	Lecturer / Senior Lecturer / Reader in Strategic Management <https://www.akadeus.com/announcement,a5480.html> 
	Cranfield School of Management - Cranfield
	

________________________________

Uzbekistan

*	PREMIUM  <https://www.akadeus.com/web/nl/star.png> 
	Senior Faculty, Academic Administration and Research Fellow Positions <https://www.akadeus.com/announcement,a5476.html> 
	Westminster International University - Tashkent
	

 

 <https://www.akadeus.com/announcements,a.html> 

 

To learn more about these and other positions, we invite you to visit our website at www.akadeus.com <http://www.akadeus.com/>  and / or to register <http://www.akadeus.com/registerUser,a.html>  as a candidate.

Interested in posting a job vacancy, or get more information? Contact us at job@akadeus.com <mailto:job@akadeus.com>  or click https://www.akadeus.com/post-your-job-advertisements,d51.html

Download our mobile app - available for Apple and Android devices. Please search for ""AKADEUS"".

________________________________

AKADEUS
akadeus@akadeus.com <mailto:akadeus@akadeus.com> 
www.akadeus.com <http://www.akadeus.com> 

 

Find us on Social Media - you can follow us here

 <https://twitter.com/akadeus_com>  <https://www.facebook.com/Akadeus-182227778474006/>  <https://www.linkedin.com/company/akadeus> 
 

Your Data Processor is AKADEUS. We collect data from public records and only process your e-mail address. We only use your data (e-mail address) to provide you with the job opportunities within the sector of business and management schools. We do not use your data for any marketing purposes.

If you do not wish to receive such information or have received it by mistake you may unsubscribe by clicking HERE <http://www.akadeus.com/u/201879015-0f9375ffe67e46d48207905c14074e3ec12fcc54>  or replying to AKADEUS with the word ""unsubscribe"" in the subject line. All our further communication will also contain instructions for unsubscribing. 

"
44,Re: Offer Plastic Pet Bottle From China,Gray Liu,"?Dear Sir/Madam

I am sorry to bother you. we are a manufacturer of Plastic products/ PET packing bottle /Pump bottle in China. We can also do the function of lid, spray, lotion, foam and so on.

It can be used to hold the sanitizer/liquid soap/cleansing water/beverage

Nowadays we know it is very serious during these days when Covid-19 coming. we hope that this nightmare pass asap.

At the same time, we can help you save 5%-10% of your budget every year, which can help you quickly seize the market

Here are some of our bottle. please let me know if you want more information. I am sure our price are very competitive when you send the inquire to me.

Awaiting your soonest reply.

Taizhou Huangyan Yjie Plastic Co.,Ltd

Gray Liu


"
45,Event Contingency Plan - Remote Presenter and Onsite Recording and Streaming,Jesse Eric Tanner,"

Hello Marvin Kastner,


I reached out to you earlier regarding Artificial Intelligence and Digital Transformation in Supply Chain and Logistics Conference 2019 to offer onsite video with presentation slide live streaming and recording services for conferences.  I would like to mention that V-cube also offers Virtual Events Management services that might be of help to your organization to move your events or portions of your events online as an Event Contingency Plan.  This is to help bridge your community with remote presenters, and to help repurpose prior recorded content into Online Courses (using V-cube's LMS system) with certificate issuance.  We have technicians and offices based in Europe (France) and the United States.  Several of the services include:




*	Remote recording and live services for presenters with content placed into multiple ""tracks"" and viewable online through live rebroadcasts to create a Virtual Event

	*	V-cube remotely trains presenters and offers dedicated Project anager to get your content recorded or live broadcasted
	*	V-cube re-broadcasts the content ""as-live"" and/or manages the live remote broadcasts to create a Virtual Event

*	Remote content production (and repurposing of older content) for placement into V-cube's LMS (Learning Management System) for offering online courses (with questions/quizzes) and automatic certificate generation upon your attendees completion of the course
*	Hybrid event production that offers a combination of the above two items with our on-site services for live streaming and recording

We are finding this is helping our clients create ""backup"" plans for future scheduled events, and for helping to generate revenue from prior recorded conference content by incorporating content into courses with online certificate issuance. 

I would be happy to provide you with more information. 

Looking forward to speaking with you. 

Jesse Tanner 
jesse@vcube.com 
www.vcubewebcasting.fr 
73 Rue Rebeval 
Paris, France 75019 

13950 Milton Ave Suite #305 
Westminster, CA USA  92683 
www.vcubewebcasting.com 
 <https://mailer1.zohoinsights.com/ocimage/2d6f.327230a/mka85d2d00-fe32-11ea-956e-5254005bf342_hke1c974c720af07b9ce622c783ce407af4e3db7c0e69eb70b078744c724ce2d8c.gif> 
"
46,Re: medical mask,Judy,"Hello?
We are new factory which is build quick approved by Chinese local govement in wuxi city according the emergment treament , we have obtained the first disposable medical mask registration certificate of wuxi city?

Till March, due to the severe outbreak of coronary pneumonia, the anti-epidemic products such as masks produced by our company have been taken over by the government and cannot be sold abroad.

Now we are allowed to take overseas orders. If necessary, please consult us.

main items are children facemask?
facemask Surgical 3 ply pp. face mark: Non-woven PP
Economic, light, Non-irritating, Comfortable 
Prevent contamination from bacteria, dust, or coughing 
Standard: BFE99%, PFE99%, ASTMF2011level 1, EN14683  suitable for kids and audlt

Thanks & bgrds,
Judy 


"
47,ISA Email Marketing Datenbank 2020,ISA Email Marketing," <http://veso.info/isaemarketing_de_em_visitantes.htm>  




Produktcode 	Produkt 	Preis 	


Deutschland E-Mail-Datenbanken 
91-0249 <http://veso.info/isaemarketing_de_bd_pedido.htm>  	E-Mail-Datenbank ISA Deutschland 2020 B
<http://veso.info/isaemarketing_de_bd_pedido.htm> 
993.000 E-Mails von Deutschland 	EUR 60 	
91-0250 <http://veso.info/isaemarketing_de_bdcorp_pedido.htm>  	E-Mail-Datenbank ISA Deutschland Korporativ 2020 B
<http://veso.info/isaemarketing_de_bdcorp_pedido.htm> 
584.000 E-Mails von korporativen Domains in Deutschland 	EUR 50 	


Europa E-Mail-Datenbanken 
91-0267 <http://veso.info/isaemarketing_en_eu_bd_pedido.htm>  	E-Mail-Datenbanken ISA Europe 2020 B
<http://veso.info/isaemarketing_en_eu_bd_pedido.htm> 
23 Länder in Europa - 7.2 Millionen E-Mails 	EUR 145 	
91-0214 <http://veso.info/isaemarketing_en_eu_bdcorp_pedido.htm>  	E-Mail-Datenbanken ISA Europe Korporativ 2020 B
<http://veso.info/isaemarketing_en_eu_bdcorp_pedido.htm> 
21 Länder in Europa - 3,6 Millionen korporative E-Mails 	EUR 196 	


Internationale E-Mail-Datenbanken 
91-0244 <http://veso.info/isaemarketing_en_al_bd_pedido_eur.htm>  	E-Mail-Datenbanken ISA Lateinamerika 2020 C
<http://veso.info/isaemarketing_en_al_bd_pedido_eur.htm> 
20 Länder in Lateinamerika - 6,6 Millionen E-Mails 	EUR 120 	
91-0245 <http://veso.info/isaemarketing_en_al_bdcorp_pedido_eur.htm>  	E-Mail-Datenbanken ISA Lateinamerika Korporativ 2020
<http://veso.info/isaemarketing_en_al_bdcorp_pedido_eur.htm> 
15 Länder in Lateinamerika - 1.072.000 korporative E-Mails 	EUR 145 	
91-0271 <http://veso.info/isaemarketing_en_all_bd_eur.htm>  	E-Mail-Datenbanken ISA International 2020 B
<http://veso.info/isaemarketing_en_all_bd_eur.htm> 
52 Länder - 16.7 Millionen E-Mails 	EUR 220 	


Software

91-2040 <http://veso.info/isaemarketing_en_emailpacker_eur.htm>  	ISA Email Packer 2
E-Mail-Listenoptimierungssoftware
<http://veso.info/isaemarketing_en_emailpacker_eur.htm> 

Mischen Sie bis zu 3 Listen 
Beseitigt Duplikate 
Teilen Sie Listen in Pakete mit der geringsten Anzahl an E-Mails auf 
Beseitigt die geschnittenen E-Mails 
Reinigt Kommas, Anführungszeichen oder das Zeichen, das Sie 
anzeigen möchten E-Mails von einer Domain auswählen 
Entfernen Sie unerwünschte Domains 
Löscht E-Mails mit bestimmten Wörtern oder Symbolen 
Wählen Sie E-Mails aus, die ein bestimmtes Wort enthalten 
Wählen Sie E-Mails von Unternehmensdomänen aus 

 <http://veso.info/isaemarketing_en_emailpacker_eur.htm> 
	
EUR 45 	


E-Mail-Versanddienst

91-3050 <http://veso.info/superserver_pedido_en_50.htm>  	Super Server Plan EU-50K
<http://veso.info/superserver_pedido_en_50.htm> 
Versenden von 50.000 E-Mails in Lateinamerika und / oder Europa
	EUR 60 	
91-3150 <http://veso.info/superserver_pedido_en.htm>  	Super Server Plan EU-150K
<http://veso.info/superserver_pedido_en.htm> 
Versenden von 150.000 E-Mails in Lateinamerika und / oder Europa
	EUR 150 	
91-5002 <http://veso.info/superserver_pedido_en_1m.htm>  	Super Server Plan EU-1M
<http://veso.info/superserver_pedido_en_1m.htm> 
Versenden von 1 Million E-Mails in Lateinamerika und / oder Europa
	EUR 300 	


Software Consulting

91-4001 <http://veso.info/isaemarketing_en_gamma_smtprc.htm>  	Installation von Mailer mit Scanner von offenen SMTP-Servern
<http://veso.info/isaemarketing_en_gamma_smtprc.htm> 
Konfiguration und Unterstützung eines Multi-Server-E-Mail-Systems 	EUR 179 	
91-4007 <http://veso.info/isaemarketing_de_mailer_port_587.htm>  	Installation des E-Mail-Marketing-Systems 
mit SMTP-Server mit SPF und DKIM <http://veso.info/isaemarketing_de_mailer_port_587.htm> 

- Auf Ihrem Computer installiertes Programm, mit dem Sie Ihre Kampagnen lokal verwalten können 
- SMTP-Server entsprechend den Regeln SPF und DKIM 
- Online-Statistiken 
- Funktioniert bei Internetdienstanbietern mit gesperrtem Port 25 (verwenden Sie Port 587) 


 <http://veso.info/isaemarketing_de_mailer_port_587.htm> 
	
EUR 55 	


Klicken Sie hier, um Ihre E-Mail-Adresse aus dem Newsletter zu entfernen <http://veso.info/php/de_bd_rm.php> 




	

ISA Email Marketing
Fabián Torre
Software Consulting

Rua Antonio Rodrigues 22, Itacimirim - Bahia - CEP 42823-000 - BRASIL
WhatsApp: +55 719 9313-1792 - Skype: chronskype


	Facebook 

 <https://www.facebook.com/isaemailmarketing/> 
<https://www.instagram.com/isa_email_marketing/> 
Instagram

 <http://veso.info/logoinstagram.jpg> 
"
48,Open positions of your Faculty,anna.westerberg@faculty-clubs.com,"Dear Friends,

Hope you are doing very well!

We have recently received a presentation of an international academic portal with many job offers for professors and lecturers from Europe, America and Asia. The portal is called FacultyVacancies.com. I am sending you a link to their information flyer available on their website http://www.facultyvacancies.com/flyer  

An interesting place to publish open positions of your Faculty. 

Hope I helped, but if you do not wish to receive any further information from us, please reply with the word ""stop"". 

Have a beautiful day

Kind regrads

Anna Westerberg

"
49,Re: Sensor Soap Dispensers Manufacturer,hzizri,"Dear friend,




Good day to you!




Our automatic Soap Dispenser items can reduce your 1/5 purchase cost exactly under the same quality conditions.




Big & small orders are welcome, if you have big orders, we can promise the quality is better than your current suppliers.




Small quantity orders are also acceptable, I'm sure you will get a reliable supplier with no need to pay much effort.





We will do our best to help our partners, to get more and more market in your side.




Welcome to contact with me, if our products will help for your business.







Best Regards,

Amanda Ye




Shenzhen Ysun Technology Co., Ltd.

Mobile: +86-(0)13168025230


Wechat/WhatsApp: +86-13168025230


E-mail: a46032773@163.com




"
50,Fast Proofreading Service,Harvard Proofreading,"English Dissertation, Thesis, or Proposal Editing 

Writing a major academic work can be difficult enough, but it is even more so when working in a foreign language. Let our professional editors help you express yourself clearly in English.

Website: harvardedit(dot)online

Proofreading Fees: 30USD per 1,000 words

Turnaround Time: 24-72hrs *Depending on Manuscript

Send your manuscript for professional editing and proofreading to harvardproofreading100@gmail.com <mailto:harvardproofreading100@gmail.com> 







Warm Regards,




Peter O'Brien

Secretary/Admin Asst







"
51,Re: stable quality of ceramic foam filter and other foundry materials,Tracy,"Dear Friend

Wish you hava a nice day!
We are a manufactuer of ceramic foam filters and other foundry materials.

Our factory have produced and sold ceramic foam filters more than ten years.

Technical innovation is the soul of the enterprise,Relying on technoloty center,using advanced management methold ,the company 
 
provides good quality of casting materiasl to customers all overy the wold. Our products have stable quality and have been exported to western Europe ,South Amercia ,the middle East ,southeast Asia and other country and reginons.
 
If you have any inquiry about ceramic filter ,please contact me freely.

Thanks & Best Regards

Tracy  

"
52,Re: precision forged gears for outriggers and agricultural machines,oqrodzug,"Dear friend,




We are the professional producer for precision forged gears for agricultural machines and truck outriggers. For over 6 years, we are the main supplier for European truck outrigger producers and also agricultural machine producers. The main products for them are outrigger gears kits, precision forged gears, and also fine machined bevel gears, spiral gears for agricultural machines.




Samples or drawings can always be accepted for sample development. With the belief of quick development, high quality and competitive price, we do believe that you can get the most valuable partner in your following running.




With all my best regards,




Yours,

Lenny Zhang

Sales Manager of Jinan Quality Parts Industrial & Trading Co., Ltd.




"
53,Re: Offer empty PET bottle with custom size,Gray Liu,"Dear Sir/Madam

I am sorry to bother you. we are a manufacturer of PET packing bottle /Pump bottle in China. 

We have kinds of shape and capacity of it. The customized shape is also acceptable. please let me know if you want to get more information. I am sure our price are very competitive when you send the inquire to me.

we can help you save 5%-10% of your budget every year, which can help you quickly seize the market


Awaiting your soonest reply.

Taizhou Huangyan Yjie Plastic Co.,Ltd

Marco Liu

"
54,Re: Offer empty PET bottle with custom size,Gray Liu,"Dear Sir/Madam

I am sorry to bother you. we are a manufacturer of PET packing bottle /Pump bottle in China. 

We have kinds of shape and capacity of it. The customized shape is also acceptable. please let me know if you want to get more information. I am sure our price are very competitive when you send the inquire to me.

we can help you save 5%-10% of your budget every year, which can help you quickly seize the market


Awaiting your soonest reply.

Taizhou Huangyan Yjie Plastic Co.,Ltd

Marco Liu

"
55,ISA Email Marketing Datenbank 2020,ISA Email Marketing," <http://veso.info/isaemarketing_de_em_visitantes.htm>  




Produktcode 	Produkt 	Preis 	


Deutschland E-Mail-Datenbanken 
91-0249 <http://veso.info/isaemarketing_de_bd_pedido.htm>  	E-Mail-Datenbank ISA Deutschland 2020 B
<http://veso.info/isaemarketing_de_bd_pedido.htm> 
993.000 E-Mails von Deutschland 	EUR 60 	
91-0250 <http://veso.info/isaemarketing_de_bdcorp_pedido.htm>  	E-Mail-Datenbank ISA Deutschland Korporativ 2020 B
<http://veso.info/isaemarketing_de_bdcorp_pedido.htm> 
584.000 E-Mails von korporativen Domains in Deutschland 	EUR 50 	


Europa E-Mail-Datenbanken 
91-0267 <http://veso.info/isaemarketing_en_eu_bd_pedido.htm>  	E-Mail-Datenbanken ISA Europe 2020 B
<http://veso.info/isaemarketing_en_eu_bd_pedido.htm> 
23 Länder in Europa - 7.2 Millionen E-Mails 	EUR 145 	
91-0214 <http://veso.info/isaemarketing_en_eu_bdcorp_pedido.htm>  	E-Mail-Datenbanken ISA Europe Korporativ 2020 B
<http://veso.info/isaemarketing_en_eu_bdcorp_pedido.htm> 
21 Länder in Europa - 3,6 Millionen korporative E-Mails 	EUR 196 	


Internationale E-Mail-Datenbanken 
91-0244 <http://veso.info/isaemarketing_en_al_bd_pedido_eur.htm>  	E-Mail-Datenbanken ISA Lateinamerika 2020 C
<http://veso.info/isaemarketing_en_al_bd_pedido_eur.htm> 
20 Länder in Lateinamerika - 6,6 Millionen E-Mails 	EUR 120 	
91-0245 <http://veso.info/isaemarketing_en_al_bdcorp_pedido_eur.htm>  	E-Mail-Datenbanken ISA Lateinamerika Korporativ 2020
<http://veso.info/isaemarketing_en_al_bdcorp_pedido_eur.htm> 
15 Länder in Lateinamerika - 1.072.000 korporative E-Mails 	EUR 145 	
91-0271 <http://veso.info/isaemarketing_en_all_bd_eur.htm>  	E-Mail-Datenbanken ISA International 2020 B
<http://veso.info/isaemarketing_en_all_bd_eur.htm> 
52 Länder - 16.7 Millionen E-Mails 	EUR 220 	


Software

91-2040 <http://veso.info/isaemarketing_en_emailpacker_eur.htm>  	ISA Email Packer 2
E-Mail-Listenoptimierungssoftware
<http://veso.info/isaemarketing_en_emailpacker_eur.htm> 

Mischen Sie bis zu 3 Listen 
Beseitigt Duplikate 
Teilen Sie Listen in Pakete mit der geringsten Anzahl an E-Mails auf 
Beseitigt die geschnittenen E-Mails 
Reinigt Kommas, Anführungszeichen oder das Zeichen, das Sie 
anzeigen möchten E-Mails von einer Domain auswählen 
Entfernen Sie unerwünschte Domains 
Löscht E-Mails mit bestimmten Wörtern oder Symbolen 
Wählen Sie E-Mails aus, die ein bestimmtes Wort enthalten 
Wählen Sie E-Mails von Unternehmensdomänen aus 

 <http://veso.info/isaemarketing_en_emailpacker_eur.htm> 
	
EUR 45 	


E-Mail-Versanddienst

91-3050 <http://veso.info/superserver_pedido_en_50.htm>  	Super Server Plan EU-50K
<http://veso.info/superserver_pedido_en_50.htm> 
Versenden von 50.000 E-Mails in Lateinamerika und / oder Europa
	EUR 60 	
91-3150 <http://veso.info/superserver_pedido_en.htm>  	Super Server Plan EU-150K
<http://veso.info/superserver_pedido_en.htm> 
Versenden von 150.000 E-Mails in Lateinamerika und / oder Europa
	EUR 150 	
91-5002 <http://veso.info/superserver_pedido_en_1m.htm>  	Super Server Plan EU-1M
<http://veso.info/superserver_pedido_en_1m.htm> 
Versenden von 1 Million E-Mails in Lateinamerika und / oder Europa
	EUR 300 	


Software Consulting

91-4001 <http://veso.info/isaemarketing_en_gamma_smtprc.htm>  	Installation von Mailer mit Scanner von offenen SMTP-Servern
<http://veso.info/isaemarketing_en_gamma_smtprc.htm> 
Konfiguration und Unterstützung eines Multi-Server-E-Mail-Systems 	EUR 179 	
91-4007 <http://veso.info/isaemarketing_de_mailer_port_587.htm>  	Installation des E-Mail-Marketing-Systems 
mit SMTP-Server mit SPF und DKIM <http://veso.info/isaemarketing_de_mailer_port_587.htm> 

- Auf Ihrem Computer installiertes Programm, mit dem Sie Ihre Kampagnen lokal verwalten können 
- SMTP-Server entsprechend den Regeln SPF und DKIM 
- Online-Statistiken 
- Funktioniert bei Internetdienstanbietern mit gesperrtem Port 25 (verwenden Sie Port 587) 


 <http://veso.info/isaemarketing_de_mailer_port_587.htm> 
	
EUR 55 	


Klicken Sie hier, um Ihre E-Mail-Adresse aus dem Newsletter zu entfernen <http://veso.info/php/de_bd_rm.php> 




	

ISA Email Marketing
Fabián Torre
Software Consulting

Rua Antonio Rodrigues 22, Itacimirim - Bahia - CEP 42823-000 - BRASIL
WhatsApp: +55 719 9313-1792 - Skype: chronskype


	Facebook 

 <https://www.facebook.com/isaemailmarketing/> 
<https://www.instagram.com/isa_email_marketing/> 
Instagram

 <http://veso.info/logoinstagram.jpg> 
"
56,Drawings and Specification,micheal k wong,"Dear Sir,
 
Please check the attached drawings for the full details which was designed today.

Kindly proceed with our order production

We sincerely apologize for the delay..

 

Michael Kwong
 
???
Sales Assistant
Sea Power Limited
Tel: (852) 3102 1626
Fax: (852) 3102 1970
Email: michael.kwong@seapower.cn <mailto:michael.kwong@seapower.cn> 

"
57,Urgent Request For Quotation,Dinesh Kumar,"Hello marvin.kastner,

CIS GAZ Romania company informed us to contact you for a prices quotation request for our order inquiry on your Valves below:

- Steel Doors

- Buttlerfly Valves 

- Electric Valves 

- Pumps 

- Engine Part

 

I have attached the details of our Valves and Pumps Order inquiry so that you can check and quote us prices CIF Romania exactly as listed on the attach Valves and Pumps Quotation Request.

Also confirm back to me if 20 feet container can be good for the shipment.

Please let me know if you have any questions.

 
Sincerely,

 --

 Best regards!

 

Dinesh Kumar

Oversea Manager

 

Nielsanda ApS, Denmark

Phone/Fax: (+4) 0265.313.018

Toll-free CIS GAZ - 0800 420 444

Email: office@cisgaz.ro <mailto:office@cisgaz.ro> 

GPS: 30°40'10.1""S 30°28'26.9""E

"
58,MASKE IST NICHT GLEICH MASKE ,OrangeBlue,"	
MASKE IST NICHT GLEICH MASKE

 <http://isamarketing.site/ss/orangeblue/Image_1_3aadb9498f164ac18c26b75d0231c429.png> 	
MASKEN VOM PROFI

 <https://orangebluekosmetik.de/shop/> 	 
Sichern Sie sich 10 Masken
KOSTENLOS MIT CODE

 <https://orangebluekosmetik.de/product/einweg-schutzmasken-%E2%80%8B10pcs/>  	
 <http://isamarketing.site/ss/orangeblue/Image_4_553ec64f69444dfb86f9ddb17d34ad81.png> 	
 <http://isamarketing.site/ss/orangeblue/Image_5_fe89bc208aff4c3f81eb7497d705adb4.png> 	
CHIRURGISCHE MASKEN?!

*sofort verfügbar*
Versand nach Zahlungseingang innerhalb 24 Stunden

 <http://isamarketing.site/ss/orangeblue/Image_6_0de49d318dad406591e0335a48ae6e85.png> 	

10er Pack

 <https://orangebluekosmetik.de/product/einweg-schutzmasken-%E2%80%8B10pcs/>  	
 <http://isamarketing.site/ss/orangeblue/Image_8_a8712d3b1c724b7284aebfdd169bf923.jpg> 	

50er Pack

 <https://orangebluekosmetik.de/product/mund-nasen-masken-%E2%80%8B50pcs/>  	
 <http://isamarketing.site/ss/orangeblue/Image_10_420a03f3fa5648e3ada63cedba34976b.jpg> 	

3x50er Pack

 <https://orangebluekosmetik.de/product/schutzmasken-markenmaske-%E2%80%8B3x50-stueck/>  	
 <http://isamarketing.site/ss/orangeblue/Image_12_164ee651593045a4838eb6d586726693.png> 	

SICHERE
BEZAHLUNG

Wir bieten Ihnen eine Garantie für sicheres Einkaufen

 <http://isamarketing.site/ss/orangeblue/Image_13_6145f570bf1c4dd4841bdccd08613024.png> 	

GRATIS
VERSAND

Versandkostenfrei innerhalb der EU
ab 40 EURO

 <http://isamarketing.site/ss/orangeblue/Image_14_54c9e0b7abca434aa8ebec53bebebb06.png> 	

99% zufriedene Kunden

GMP zertifiziert
Professionelle Qualität

 <https://orangebluekosmetik.de/shop/> 	 
Good-Bye S.à r.l.

(+352) 691 170757
www.orangebluekosmetik.de <https://orangebluekosmetik.de/>  
info@orangebluekosmetik.de <mailto:info@orangebluekosmetik.de> 

WERDE EIN FAN VON ORANGEBLUE

 <https://www.facebook.com/orangebluekosmetik>  	 <https://twitter.com/myorangeblue>  	 <https://www.youtube.com/>  	 <https://www.instagram.com/orangeblue.kosmetik>  	
	
Good-Bye S.à r.l.| 11A, rue Wiltheim| 5465 Waldbredimus | Luxembourg
www.orangebluekosmetik.de <https://orangebluekosmetik.de/>  - info@orangebluekosmetik.de <mailto:info@orangebluekosmetik.de> 

AGB <https://orangebluekosmetik.de/shop/agb/>  | Datenschutz <https://orangebluekosmetik.de/shop/datenschutz/>  | Impressum <https://orangebluekosmetik.de/shop/impressum/> 

Wenn Sie diese E-Mails nicht mehr erhalten möchten, klicken Sie bitte auf den folgenden Link zum abbestellen <http://isamarketing.site/ss/orangeblue/orange_rm.php> .

©2020 Good-bye S.à r.l. Alle Rechte vorbehalten.

 	 
"
59,Informationen Xber E-Mail-Marketing,ISA Email Marketing,"Guten Morgen

Mein Name ist Fabi?n Torre und ich arbeite mit der Beratung im E-
Mail-Marketing.
Ich m?chte wissen, ob Sie daran interessiert sind, Informationen 
?ber Produkte und Dienstleistungen von E-Mail-Marketing zu 
erhalten und zu welcher E-Mail-Adresse ich sie senden kann.

Vielen Dank

Whatsapp: +55 719 9313-1792
Skype: chronskype
"
